{"stats":{"minecraft:picked_up":{"minecraft:birch_log":22,"byg:soapstone":20,"ecologics:coconut_slice":2,"minecraft:torch":1,"ecologics:seashell":1,"minecraft:oak_log":1,"minecraft:diorite":2,"minecraft:dark_oak_log":9,"minecraft:dirt":26,"minecraft:raw_copper":7,"twigs:opaline_seashell":2,"woodworks:oak_chest":1,"ftbquests:book":1,"minecraft:oak_sapling":8,"twigs:twig":5,"minecraft:birch_sapling":3,"alexsmobs:flying_fish":1,"minecraft:cobblestone":82},"minecraft:used":{"minecraft:stone_pickaxe":55,"minecraft:wooden_pickaxe":59,"buzzier_bees:honey_bread":4,"minecraft:torch":4,"minecraft:dirt":2,"minecraft:crafting_table":1,"minecraft:furnace":1},"minecraft:broken":{"minecraft:wooden_pickaxe":1},"minecraft:custom":{"minecraft:time_since_rest":16590,"minecraft:interact_with_furnace":2,"minecraft:sprint_one_cm":45953,"minecraft:damage_taken":30,"minecraft:walk_one_cm":51724,"minecraft:drop":20,"minecraft:damage_dealt":58,"minecraft:swim_one_cm":12990,"minecraft:interact_with_crafting_table":5,"minecraft:fly_one_cm":37703,"minecraft:open_chest":1,"minecraft:crouch_one_cm":10,"minecraft:play_time":16590,"minecraft:sneak_time":10,"minecraft:walk_under_water_one_cm":1420,"minecraft:jump":232,"minecraft:walk_on_water_one_cm":3058,"minecraft:time_since_death":16590,"minecraft:total_world_time":16590,"minecraft:climb_one_cm":204,"minecraft:fall_one_cm":5142},"minecraft:crafted":{"minecraft:charcoal":1,"minecraft:crafting_table":1,"minecraft:stick":8,"minecraft:wooden_pickaxe":1,"minecraft:stone_pickaxe":1,"minecraft:furnace":1,"minecraft:dark_oak_planks":28,"minecraft:torch":4,"minecraft:air":0},"minecraft:dropped":{"minecraft:dark_oak_log":2,"alexsmobs:flying_fish":1,"minecraft:birch_sapling":3,"minecraft:oak_sapling":8,"ecologics:seashell":1,"ftbquests:book":1,"twigs:opaline_seashell":2,"twigs:twig":2},"minecraft:mined":{"byg:soapstone":21,"minecraft:birch_log":23,"minecraft:dark_oak_log":7,"minecraft:torch":1,"minecraft:grass":1,"minecraft:grass_block":1,"minecraft:dirt":25,"woodworks:oak_chest":1,"minecraft:copper_ore":3,"minecraft:stone":82,"minecraft:diorite":2,"twigs:opaline_seashell":1}},"DataVersion":3120}