{"stats":{"minecraft:picked_up":{"minecraft:birch_log":22,"byg:soapstone":35,"minecraft:lilac":1,"minecraft:andesite":13,"ecologics:seashell":1,"minecraft:oak_log":4,"minecraft:gunpowder":1,"minecraft:dirt":34,"minecraft:raw_copper":7,"woodworks:oak_chest":1,"minecraft:bone":1,"twigs:opaline_seashell":2,"ftbquests:book":1,"twigs:twig":5,"minecraft:birch_sapling":3,"minecraft:raw_iron":1,"ecologics:coconut_slice":2,"goodending:spicy_wildflowers":1,"minecraft:torch":1,"minecraft:diorite":2,"minecraft:dark_oak_log":9,"minecraft:mossy_cobblestone":1,"minecraft:rotten_flesh":4,"minecraft:oak_sapling":8,"alexsmobs:lobster_tail":1,"minecraft:coal":8,"alexsmobs:flying_fish":1,"minecraft:cobblestone":139},"minecraft:used":{"minecraft:stone_sword":19,"minecraft:stone_pickaxe":151,"minecraft:wooden_pickaxe":59,"minecraft:torch":5,"minecraft:dirt":12,"minecraft:crafting_table":1,"minecraft:oak_log":1,"buzzier_bees:honey_bread":6,"ecologics:coconut_slice":1,"minecraft:furnace":1},"minecraft:custom":{"minecraft:interact_with_furnace":2,"minecraft:mob_kills":6,"minecraft:interact_with_crafting_table":6,"minecraft:time_since_death":28590,"minecraft:climb_one_cm":545,"minecraft:time_since_rest":28590,"minecraft:sprint_one_cm":98295,"minecraft:damage_taken":160,"minecraft:walk_one_cm":82751,"minecraft:drop":20,"minecraft:damage_dealt":766,"minecraft:swim_one_cm":17291,"minecraft:fly_one_cm":79029,"minecraft:open_chest":1,"minecraft:crouch_one_cm":10,"minecraft:play_time":28590,"minecraft:sneak_time":10,"minecraft:walk_under_water_one_cm":4835,"minecraft:jump":558,"minecraft:walk_on_water_one_cm":14913,"minecraft:total_world_time":28590,"minecraft:fall_one_cm":10704},"minecraft:broken":{"minecraft:stone_pickaxe":1,"minecraft:wooden_pickaxe":1},"minecraft:crafted":{"minecraft:crafting_table":1,"minecraft:wooden_pickaxe":1,"minecraft:furnace":1,"minecraft:air":0,"minecraft:charcoal":1,"minecraft:stick":8,"minecraft:stone_pickaxe":2,"minecraft:stone_sword":1,"minecraft:dark_oak_planks":28,"minecraft:torch":4},"minecraft:killed":{"alexsmobs:lobster":1,"minecraft:creeper":1,"minecraft:skeleton":1,"minecraft:zombie":1,"alexsmobs:crow":1},"minecraft:dropped":{"minecraft:birch_sapling":3,"minecraft:dark_oak_log":2,"alexsmobs:flying_fish":1,"minecraft:oak_sapling":8,"ecologics:seashell":1,"ftbquests:book":1,"twigs:opaline_seashell":2,"twigs:twig":2},"minecraft:mined":{"minecraft:dark_oak_log":7,"minecraft:torch":1,"minecraft:grass_block":5,"woodworks:oak_chest":1,"minecraft:copper_ore":3,"minecraft:diorite":2,"byg:soapstone":35,"minecraft:birch_log":23,"immersive_weathering:mossy_stone":1,"minecraft:iron_ore":1,"minecraft:lilac":1,"minecraft:andesite":13,"minecraft:grass":3,"minecraft:oak_log":3,"minecraft:coal_ore":8,"minecraft:dirt":29,"goodending:spicy_wildflowers":1,"minecraft:stone":139,"twigs:opaline_seashell":1,"minecraft:fern":1}},"DataVersion":3120}