{"stats":{"minecraft:picked_up":{"minecraft:oak_log":1,"minecraft:oak_sapling":4,"twigs:twig":2,"minecraft:dark_oak_log":7},"minecraft:custom":{"minecraft:jump":105,"minecraft:time_since_rest":4590,"minecraft:damage_dealt":58,"minecraft:damage_taken":30,"minecraft:sprint_one_cm":20145,"minecraft:play_time":4590,"minecraft:time_since_death":4590,"minecraft:walk_one_cm":20037,"minecraft:sneak_time":5,"minecraft:total_world_time":4590,"minecraft:fall_one_cm":3203,"minecraft:fly_one_cm":18517},"minecraft:mined":{"minecraft:dark_oak_log":7}},"DataVersion":3120}