{"stats":{"minecraft:picked_up":{"minecraft:crafting_table":1,"ftbquests:book":1,"minecraft:porkchop":2,"alexsmobs:maggot":2,"alexsmobs:lobster_tail":1,"minecraft:mutton":2,"minecraft:dark_oak_log":5,"minecraft:white_wool":1},"minecraft:used":{"buzzier_bees:honey_bread":2,"minecraft:wooden_axe":1,"alexsmobs:maggot":2,"minecraft:wooden_sword":9,"alexsmobs:lobster_tail":1,"minecraft:crafting_table":2,"alexsmobs:animal_dictionary":2},"minecraft:custom":{"minecraft:time_since_rest":20260,"minecraft:crouch_one_cm":1607,"minecraft:sprint_one_cm":22831,"minecraft:play_time":20260,"minecraft:damage_taken":30,"minecraft:walk_one_cm":36776,"minecraft:sneak_time":347,"minecraft:walk_under_water_one_cm":3327,"minecraft:mob_kills":4,"minecraft:drop":1,"minecraft:jump":203,"minecraft:damage_dealt":280,"minecraft:leave_game":1,"minecraft:time_since_death":20260,"minecraft:walk_on_water_one_cm":1395,"minecraft:total_world_time":20260,"minecraft:swim_one_cm":1869,"minecraft:interact_with_crafting_table":3,"minecraft:fall_one_cm":5457,"minecraft:fly_one_cm":44276},"minecraft:crafted":{"minecraft:wooden_sword":1,"minecraft:dark_oak_planks":20,"minecraft:crafting_table":1,"minecraft:stick":4,"shieldexp:wooden_shield":1,"minecraft:wooden_axe":1},"minecraft:killed":{"minecraft:sheep":1,"alexsmobs:lobster":2,"minecraft:pig":1},"minecraft:dropped":{"ftbquests:book":1},"minecraft:mined":{"minecraft:dark_oak_log":5,"minecraft:crafting_table":1}},"DataVersion":3120}