{"stats":{"minecraft:picked_up":{"minecraft:crafting_table":1,"minecraft:porkchop":2,"minecraft:sand":3,"minecraft:oak_log":8,"minecraft:dark_oak_log":5,"minecraft:apple":2,"minecraft:arrow":1,"minecraft:rotten_flesh":3,"delightful:acorn":2,"ftbquests:book":1,"alexsmobs:maggot":2,"minecraft:oak_sapling":8,"twigs:twig":2,"minecraft:mutton":2,"minecraft:white_wool":1,"alexsmobs:flying_fish":2,"alexsmobs:lobster_tail":1},"minecraft:used":{"minecraft:wooden_axe":1,"alexsmobs:maggot":2,"minecraft:apple":1,"alexsmobs:lobster_tail":1,"buzzier_bees:honey_bread":6,"minecraft:wooden_sword":30,"minecraft:sand":3,"minecraft:crafting_table":2,"minecraft:oak_sapling":8,"alexsmobs:animal_dictionary":2},"minecraft:custom":{"minecraft:time_since_rest":36737,"minecraft:sprint_one_cm":51166,"minecraft:damage_taken":239,"minecraft:walk_one_cm":90719,"minecraft:mob_kills":9,"minecraft:drop":4,"minecraft:damage_dealt":1027,"minecraft:swim_one_cm":3420,"minecraft:interact_with_crafting_table":4,"minecraft:fly_one_cm":94480,"minecraft:player_kills":1,"minecraft:crouch_one_cm":5400,"minecraft:play_time":36737,"minecraft:sneak_time":1283,"minecraft:walk_under_water_one_cm":3663,"minecraft:jump":418,"minecraft:leave_game":2,"minecraft:walk_on_water_one_cm":1755,"minecraft:time_since_death":36737,"minecraft:total_world_time":36737,"minecraft:fall_one_cm":9879,"minecraft:horse_one_cm":694},"minecraft:crafted":{"minecraft:wooden_sword":1,"minecraft:crafting_table":1,"minecraft:stick":4,"shieldexp:wooden_shield":1,"minecraft:wooden_axe":1,"minecraft:dark_oak_planks":20},"minecraft:killed":{"minecraft:sheep":1,"alexsmobs:lobster":2,"minecraft:zombie":4,"minecraft:pig":1,"minecraft:zombie_horse":1},"minecraft:dropped":{"minecraft:rotten_flesh":3,"ftbquests:book":1},"minecraft:mined":{"minecraft:dark_oak_log":5,"minecraft:crafting_table":1,"minecraft:sand":3,"minecraft:oak_leaves":2}},"DataVersion":3120}