{"stats":{"minecraft:picked_up":{"minecraft:birch_log":1,"minecraft:crafting_table":5,"minecraft:feather":1,"alexsmobs:acacia_blossom":1,"ecologics:seashell":2,"minecraft:oak_log":8,"immersive_weathering:charred_planks":2,"minecraft:dirt":7,"minecraft:apple":2,"minecraft:wheat_seeds":1,"twigs:pebble":1,"ftbquests:book":1,"delightful:acorn":2,"twigs:twig":3,"ecologics:crab_claw":1,"minecraft:furnace":1,"minecraft:stick":14,"abundant_atmosphere:poreshroom":2,"ecologics:coconut_slice":10,"minecraft:porkchop":2,"minecraft:sand":3,"minecraft:dark_oak_log":5,"minecraft:arrow":1,"minecraft:rotten_flesh":3,"goodending:pollenflake":1,"alexsmobs:maggot":2,"minecraft:oak_sapling":19,"minecraft:coal":15,"alexsmobs:lobster_tail":1,"minecraft:mutton":2,"twigs:tangerine_seashell":2,"goodending:birch_mushroom":1,"alexsmobs:flying_fish":3,"minecraft:white_wool":1,"minecraft:cobblestone":29},"minecraft:used":{"minecraft:cooked_mutton":2,"minecraft:stone_sword":8,"abundant_atmosphere:poreshroom":2,"minecraft:stone_pickaxe":45,"minecraft:wooden_pickaxe":6,"minecraft:dirt":1,"minecraft:sand":3,"minecraft:crafting_table":6,"ecologics:seashell":2,"alexsmobs:flying_fish":3,"minecraft:wooden_axe":2,"alexsmobs:maggot":2,"minecraft:apple":2,"alexsmobs:lobster_tail":1,"twigs:tangerine_seashell":1,"buzzier_bees:honey_bread":6,"minecraft:stone_axe":2,"ecologics:coconut_slice":10,"minecraft:wooden_sword":30,"minecraft:cobblestone":3,"minecraft:oak_sapling":8,"minecraft:furnace":1,"minecraft:cooked_porkchop":2,"alexsmobs:animal_dictionary":2,"twigs:pebble":1},"minecraft:custom":{"minecraft:interact_with_furnace":10,"minecraft:mob_kills":10,"minecraft:interact_with_crafting_table":12,"minecraft:leave_game":2,"minecraft:time_since_death":10596,"minecraft:climb_one_cm":214,"minecraft:time_since_rest":10641,"minecraft:sprint_one_cm":134882,"minecraft:damage_taken":1189,"minecraft:walk_one_cm":154467,"minecraft:drop":8,"minecraft:damage_dealt":1423,"twilightforest:life_charms_activated":1,"minecraft:swim_one_cm":23920,"minecraft:fly_one_cm":247802,"minecraft:player_kills":1,"minecraft:open_chest":3,"minecraft:crouch_one_cm":9061,"minecraft:play_time":60737,"minecraft:deaths":1,"minecraft:sneak_time":2704,"minecraft:walk_under_water_one_cm":11213,"minecraft:jump":1107,"minecraft:walk_on_water_one_cm":5508,"minecraft:total_world_time":60737,"minecraft:fall_one_cm":26993,"minecraft:horse_one_cm":694},"minecraft:killed_by":{"minecraft:creeper":1},"minecraft:crafted":{"minecraft:wooden_sword":1,"minecraft:oak_planks":32,"minecraft:cooked_porkchop":2,"minecraft:crafting_table":2,"minecraft:wooden_pickaxe":1,"minecraft:furnace":1,"minecraft:stone_axe":1,"minecraft:cooked_mutton":2,"minecraft:air":0,"minecraft:stick":4,"shieldexp:wooden_shield":1,"minecraft:stone_pickaxe":1,"minecraft:wooden_axe":1,"minecraft:stone_sword":1,"minecraft:dark_oak_planks":20,"immersive_weathering:charred_planks":2},"minecraft:killed":{"alexsmobs:lobster":2,"minecraft:pig":1,"minecraft:zombie_horse":1,"minecraft:sheep":1,"minecraft:zombie":4,"alexsmobs:gazelle":1},"minecraft:dropped":{"alexsmobs:acacia_blossom":1,"minecraft:rotten_flesh":3,"immersive_weathering:charred_planks":2,"ecologics:coconut_husk":1,"ftbquests:book":2},"minecraft:mined":{"twigs:pebble":1,"minecraft:mossy_cobblestone":1,"minecraft:dark_oak_log":5,"minecraft:crafting_table":5,"abundant_atmosphere:poreshroom":2,"minecraft:grass_block":4,"minecraft:cobblestone":3,"minecraft:furnace":1,"ecologics:seashell":3,"twigs:tangerine_seashell":2,"minecraft:coal_ore":15,"minecraft:sand":3,"minecraft:dirt":3,"minecraft:stone":29,"minecraft:oak_leaves":2}},"DataVersion":3120}