{"stats":{"minecraft:crafted":{"minecraft:wooden_sword":2,"minecraft:oak_planks":40,"blue_skies:maple_stick":4,"minecraft:melon_slice":12,"minecraft:cooked_chicken":1,"minecraft:furnace":1,"minecraft:cooked_mutton":2,"minecraft:iron_axe":1,"minecraft:stone_pickaxe":1,"galosphere:silver_ingot":4,"minecraft:dark_oak_planks":20,"immersive_weathering:charred_planks":2,"minecraft:wheat":54,"blue_skies:blue_journal":2,"minecraft:cooked_porkchop":9,"minecraft:crafting_table":3,"blue_skies:maple_spear":1,"minecraft:wooden_pickaxe":1,"minecraft:iron_sword":2,"alexsmobs:boiled_emu_egg":1,"minecraft:cooked_salmon":2,"minecraft:bucket":1,"comforts:sleeping_bag_black":1,"minecraft:stone_axe":1,"minecraft:bread":18,"minecraft:air":0,"aether:iron_gloves":1,"minecraft:iron_chestplate":1,"minecraft:stick":20,"blue_skies:ventium_bucket":1,"minecraft:iron_ingot":10,"shieldexp:wooden_shield":1,"minecraft:iron_pickaxe":1,"minecraft:wooden_axe":1,"minecraft:stone_sword":1,"minecraft:white_bed":1,"minecraft:acacia_planks":12,"minecraft:torch":24},"minecraft:custom":{"minecraft:interact_with_smithing_table":1,"minecraft:inspect_dropper":11,"minecraft:interact_with_anvil":1,"minecraft:mob_kills":42,"minecraft:interact_with_crafting_table":31,"minecraft:open_barrel":53,"minecraft:leave_game":4,"minecraft:time_since_death":19931,"minecraft:climb_one_cm":15280,"minecraft:sprint_one_cm":557327,"minecraft:walk_one_cm":727005,"minecraft:drop":31,"minecraft:talked_to_villager":5,"minecraft:play_time":217326,"minecraft:sneak_time":8755,"minecraft:deaths":4,"minecraft:walk_under_water_one_cm":17768,"minecraft:jump":3817,"minecraft:walk_on_water_one_cm":11864,"minecraft:total_world_time":217326,"minecraft:interact_with_furnace":42,"minecraft:traded_with_villager":2,"minecraft:sleep_in_bed":7,"minecraft:time_since_rest":8522,"minecraft:waystone_activated":3,"minecraft:damage_taken":3001,"minecraft:damage_dealt":4766,"twilightforest:life_charms_activated":1,"minecraft:player_kills":1,"minecraft:swim_one_cm":35712,"minecraft:fly_one_cm":796309,"minecraft:open_chest":24,"minecraft:crouch_one_cm":32704,"minecraft:interact_with_smoker":2,"minecraft:fall_one_cm":103110,"minecraft:inspect_dispenser":9,"minecraft:horse_one_cm":694},"minecraft:dropped":{"farmersdelight:tomato_seeds":8,"minecraft:wheat_seeds":2,"minecraft:feather":2,"ftbquests:book":2,"twigs:twig":5,"abundant_atmosphere:poreshroom":1,"alexsmobs:acacia_blossom":1,"minecraft:birch_sapling":2,"minecraft:pointed_dripstone":22,"minecraft:rotten_flesh":5,"twigs:tangerine_seashell":1,"goodending:birch_mushroom":1,"immersive_weathering:charred_planks":2,"ecologics:coconut_husk":4,"minecraft:oak_sapling":4,"upgrade_aquatic:purple_pickerelweed":3},"minecraft:mined":{"minecraft:stone_pressure_plate":2,"minecraft:mossy_cobblestone":3,"minecraft:dark_oak_log":5,"abundant_atmosphere:poreshroom":3,"minecraft:acacia_log":3,"minecraft:grass_block":11,"minecraft:infested_cobblestone":5,"minecraft:redstone_wire":6,"comforts:sleeping_bag_black":1,"minecraft:red_mushroom":1,"blue_skies:maple_planks":2,"minecraft:hay_block":6,"minecraft:furnace":4,"minecraft:iron_ore":8,"minecraft:sticky_piston":3,"upgrade_aquatic:purple_pickerelweed":1,"minecraft:pointed_dripstone":2,"minecraft:deepslate_iron_ore":2,"minecraft:stone":29,"minecraft:tripwire":29,"minecraft:piston_head":1,"minecraft:podzol":2,"twigs:pebble":1,"minecraft:glass_pane":1,"galosphere:deepslate_silver_ore":4,"minecraft:crafting_table":8,"minecraft:torch":9,"minecraft:melon":10,"twigs:roseate_seashell":2,"byg:holly_sapling":1,"minecraft:rose_bush":1,"minecraft:tall_grass":1,"minecraft:cobblestone":5,"farmersdelight:wild_tomatoes":5,"minecraft:oak_planks":4,"minecraft:wall_torch":9,"minecraft:repeater":5,"ecologics:seashell":3,"minecraft:birch_log":14,"minecraft:redstone_torch":3,"twigs:tangerine_seashell":2,"incubation:twig_chicken_nest":1,"upgrade_aquatic:tall_purple_pickerelweed":1,"minecraft:grass":27,"minecraft:oak_log":17,"minecraft:coal_ore":16,"delightful:mini_melon":4,"minecraft:sand":3,"minecraft:dirt":3,"upgrade_aquatic:beachgrass":3,"minecraft:tripwire_hook":1,"minecraft:oak_leaves":7,"minecraft:deepslate":2,"minecraft:fern":1},"minecraft:killed_by":{"minecraft:creeper":1,"takesapillage:archer":1,"minecraft:silverfish":2},"minecraft:used":{"minecraft:rose_bush":1,"minecraft:stone_sword":33,"abundant_atmosphere:poreshroom":2,"minecraft:iron_sword":93,"minecraft:cooked_salmon":2,"twigs:roseate_seashell":2,"minecraft:torch":31,"minecraft:dirt":10,"ecologics:seashell":2,"minecraft:wooden_axe":2,"alexsmobs:maggot":2,"neapolitan:strawberry_scones":3,"farmersdelight:tomato":2,"alexsmobs:lobster_tail":1,"minecraft:lantern":1,"minecraft:iron_axe":4,"vinery:savanna_grapes_red":6,"twigs:tangerine_seashell":1,"buzzier_bees:honey_bread":6,"minecraft:tripwire_hook":1,"minecraft:oak_sapling":8,"minecraft:furnace":5,"upgrade_aquatic:purple_pickerelweed":3,"minecraft:egg":4,"vinery:red_grape":3,"minecraft:cooked_mutton":2,"blue_skies:maple_spear":12,"comforts:sleeping_bag_black":6,"minecraft:stone_pickaxe":68,"minecraft:oak_planks":8,"minecraft:wooden_pickaxe":6,"minecraft:sand":3,"minecraft:mossy_cobblestone":1,"minecraft:crafting_table":11,"blue_skies:ventium_water_bucket":4,"minecraft:white_bed":1,"alexsmobs:flying_fish":3,"minecraft:oak_log":2,"minecraft:apple":3,"minecraft:chicken":3,"minecraft:iron_pickaxe":26,"minecraft:melon_slice":3,"minecraft:bread":15,"minecraft:map":1,"byg:holly_sapling":1,"minecraft:stone_axe":36,"ecologics:coconut_slice":17,"vinery:savanna_grape_seeds_red":1,"minecraft:wooden_sword":48,"minecraft:cobblestone":3,"blue_skies:ventium_bucket":5,"minecraft:porkchop":2,"minecraft:cooked_porkchop":9,"minecraft:bucket":1,"minecraft:birch_log":1,"alexsmobs:animal_dictionary":3,"twigs:pebble":1},"minecraft:killed":{"alexsmobs:lobster":2,"minecraft:zombie_horse":1,"minecraft:chicken":4,"ecologics:coconut_crab":1,"minecraft:silverfish":16,"minecraft:pig":7,"minecraft:zombie_villager":1,"minecraft:salmon":2,"minecraft:sheep":1,"minecraft:zombie":6,"alexsmobs:gazelle":1},"minecraft:picked_up":{"minecraft:crafting_table":8,"vinery:red_grape":7,"byg:holly_sapling":1,"minecraft:chicken":4,"twigs:roseate_seashell":2,"ecologics:seashell":2,"minecraft:string":29,"minecraft:sticky_piston":4,"vinery:savanna_grapes_red":6,"comforts:sleeping_bag_black":5,"minecraft:tnt_minecart":1,"minecraft:cobbled_deepslate":2,"twigs:pebble":1,"delightful:acorn":2,"minecraft:rose_bush":1,"minecraft:redstone_torch":3,"minecraft:melon_slice":54,"minecraft:birch_sapling":2,"minecraft:egg":4,"ecologics:crab_claw":2,"minecraft:furnace":4,"minecraft:stick":17,"minecraft:raw_iron":10,"ecologics:coconut_slice":20,"minecraft:torch":19,"blue_skies:maple_planks":2,"minecraft:acacia_log":3,"minecraft:porkchop":11,"farmersdelight:tomato_seeds":13,"minecraft:pointed_dripstone":43,"minecraft:redstone":5,"minecraft:stone_pressure_plate":2,"minecraft:arrow":3,"minecraft:rotten_flesh":5,"minecraft:beetroot_seeds":1,"minecraft:hay_block":6,"alexsmobs:emu_egg":1,"minecraft:cobblestone":29,"minecraft:mutton":2,"twigs:tangerine_seashell":2,"alexsmobs:lobster_tail":1,"alexsmobs:flying_fish":3,"minecraft:white_wool":1,"minecraft:birch_log":1,"upgrade_aquatic:purple_pickerelweed":6,"minecraft:feather":8,"minecraft:repeater":4,"minecraft:tripwire_hook":1,"minecraft:salmon":2,"alexsmobs:acacia_blossom":1,"minecraft:red_mushroom":1,"minecraft:oak_log":12,"minecraft:lantern":1,"immersive_weathering:charred_planks":2,"farmersdelight:tomato":2,"minecraft:dirt":16,"minecraft:apple":3,"delightful:mini_melon":4,"minecraft:wheat_seeds":4,"ftbquests:book":1,"blue_skies:lunar_stonebrick":12,"galosphere:raw_silver":4,"twigs:twig":8,"minecraft:oak_planks":4,"abundant_atmosphere:poreshroom":3,"minecraft:sand":3,"minecraft:dark_oak_log":5,"minecraft:mossy_cobblestone":1,"goodending:pollenflake":1,"minecraft:emerald":1,"alexsmobs:maggot":2,"minecraft:oak_sapling":23,"minecraft:coal":59,"goodending:birch_mushroom":1}},"DataVersion":3120}