{"stats":{"minecraft:mined":{"minecraft:stone_pressure_plate":2,"minecraft:mossy_cobblestone":3,"minecraft:dark_oak_log":5,"abundant_atmosphere:poreshroom":3,"minecraft:granite":3,"minecraft:acacia_log":3,"minecraft:grass_block":11,"minecraft:infested_cobblestone":5,"minecraft:redstone_wire":6,"comforts:sleeping_bag_black":2,"minecraft:red_mushroom":1,"blue_skies:maple_planks":2,"minecraft:hay_block":6,"minecraft:furnace":4,"minecraft:iron_ore":10,"minecraft:sticky_piston":3,"upgrade_aquatic:purple_pickerelweed":1,"minecraft:pointed_dripstone":2,"minecraft:deepslate_iron_ore":8,"minecraft:iron_bars":3,"minecraft:stone":45,"minecraft:tripwire":29,"minecraft:piston_head":1,"minecraft:podzol":2,"twigs:pebble":1,"minecraft:glass_pane":1,"galosphere:deepslate_silver_ore":4,"minecraft:crafting_table":8,"minecraft:torch":11,"minecraft:melon":10,"twigs:roseate_seashell":2,"byg:holly_sapling":1,"minecraft:rose_bush":1,"minecraft:tall_grass":1,"minecraft:cobblestone":7,"excavated_variants:andesite_iron_ore":3,"farmersdelight:wild_tomatoes":5,"minecraft:oak_planks":7,"minecraft:wall_torch":10,"minecraft:repeater":5,"ecologics:seashell":3,"minecraft:birch_log":14,"minecraft:redstone_torch":3,"twigs:tangerine_seashell":2,"incubation:twig_chicken_nest":1,"upgrade_aquatic:tall_purple_pickerelweed":1,"minecraft:grass":27,"minecraft:oak_log":17,"minecraft:coal_ore":21,"delightful:mini_melon":4,"minecraft:gravel":3,"minecraft:sand":3,"minecraft:dirt":3,"upgrade_aquatic:beachgrass":3,"minecraft:cobweb":1,"minecraft:cracked_stone_bricks":2,"minecraft:tripwire_hook":1,"excavated_variants:andesite_coal_ore":1,"excavated_variants:granite_iron_ore":6,"minecraft:oak_leaves":7,"minecraft:deepslate":3,"minecraft:fern":1},"minecraft:crafted":{"minecraft:wooden_sword":2,"minecraft:oak_planks":40,"blue_skies:maple_stick":4,"minecraft:melon_slice":12,"minecraft:cooked_chicken":1,"minecraft:furnace":1,"minecraft:cooked_mutton":2,"minecraft:iron_axe":1,"minecraft:stone_pickaxe":1,"galosphere:silver_ingot":4,"minecraft:dark_oak_planks":20,"immersive_weathering:charred_planks":2,"minecraft:wheat":54,"blue_skies:blue_journal":2,"minecraft:cooked_porkchop":9,"minecraft:crafting_table":3,"blue_skies:maple_spear":1,"minecraft:wooden_pickaxe":1,"minecraft:iron_sword":2,"alexsmobs:boiled_emu_egg":1,"minecraft:cooked_salmon":2,"minecraft:bucket":1,"comforts:sleeping_bag_black":1,"minecraft:stone_axe":1,"minecraft:bread":18,"minecraft:air":0,"woodworks:oak_chest":1,"aether:iron_gloves":1,"minecraft:iron_chestplate":1,"minecraft:stick":20,"blue_skies:ventium_bucket":1,"minecraft:iron_ingot":10,"shieldexp:wooden_shield":1,"minecraft:iron_pickaxe":1,"minecraft:wooden_axe":1,"minecraft:stone_sword":1,"minecraft:white_bed":1,"minecraft:acacia_planks":12,"minecraft:torch":24},"minecraft:killed_by":{"minecraft:creeper":1,"takesapillage:archer":1,"minecraft:silverfish":2},"minecraft:picked_up":{"minecraft:crafting_table":8,"vinery:red_grape":7,"byg:holly_sapling":1,"minecraft:chicken":4,"twigs:roseate_seashell":2,"ecologics:seashell":2,"minecraft:string":30,"minecraft:sticky_piston":4,"vinery:savanna_grapes_red":6,"minecraft:cracked_stone_bricks":2,"comforts:sleeping_bag_black":6,"minecraft:tnt_minecart":1,"minecraft:cobbled_deepslate":3,"twigs:pebble":1,"delightful:acorn":2,"minecraft:rose_bush":1,"minecraft:redstone_torch":3,"minecraft:melon_slice":54,"minecraft:birch_sapling":2,"minecraft:furnace":4,"ecologics:crab_claw":2,"minecraft:egg":4,"minecraft:stick":17,"minecraft:raw_iron":27,"ecologics:coconut_slice":20,"minecraft:torch":23,"blue_skies:maple_planks":2,"minecraft:acacia_log":3,"minecraft:porkchop":11,"farmersdelight:tomato_seeds":13,"minecraft:pointed_dripstone":43,"minecraft:redstone":5,"minecraft:stone_pressure_plate":2,"minecraft:arrow":3,"minecraft:rotten_flesh":7,"minecraft:beetroot_seeds":1,"minecraft:hay_block":6,"alexsmobs:emu_egg":1,"minecraft:iron_bars":3,"minecraft:cobblestone":47,"minecraft:mutton":2,"twigs:tangerine_seashell":2,"alexsmobs:lobster_tail":1,"alexsmobs:flying_fish":3,"minecraft:white_wool":1,"minecraft:birch_log":1,"upgrade_aquatic:purple_pickerelweed":6,"minecraft:feather":8,"minecraft:repeater":4,"minecraft:tripwire_hook":1,"minecraft:salmon":2,"alexsmobs:acacia_blossom":1,"minecraft:red_mushroom":1,"minecraft:oak_log":12,"minecraft:lantern":1,"immersive_weathering:charred_planks":2,"farmersdelight:tomato":2,"minecraft:dirt":16,"minecraft:apple":3,"delightful:mini_melon":4,"minecraft:wheat_seeds":4,"ftbquests:book":1,"blue_skies:lunar_stonebrick":12,"galosphere:raw_silver":4,"twigs:twig":8,"minecraft:oak_planks":7,"abundant_atmosphere:poreshroom":3,"minecraft:gravel":5,"minecraft:sand":3,"minecraft:dark_oak_log":5,"minecraft:mossy_cobblestone":1,"goodending:pollenflake":1,"minecraft:granite":3,"minecraft:emerald":1,"alexsmobs:maggot":2,"minecraft:oak_sapling":23,"goodending:birch_mushroom":1,"minecraft:coal":65},"minecraft:used":{"minecraft:iron_bars":3,"minecraft:rose_bush":1,"minecraft:stone_sword":33,"abundant_atmosphere:poreshroom":2,"woodworks:oak_chest":1,"minecraft:iron_sword":127,"minecraft:cooked_salmon":2,"twigs:roseate_seashell":2,"minecraft:torch":36,"minecraft:dirt":10,"ecologics:seashell":2,"minecraft:wooden_axe":2,"alexsmobs:maggot":2,"neapolitan:strawberry_scones":3,"farmersdelight:tomato":2,"alexsmobs:lobster_tail":1,"minecraft:lantern":1,"minecraft:iron_axe":7,"vinery:savanna_grapes_red":6,"twigs:tangerine_seashell":1,"buzzier_bees:honey_bread":6,"minecraft:tripwire_hook":1,"minecraft:oak_sapling":8,"minecraft:furnace":5,"upgrade_aquatic:purple_pickerelweed":3,"minecraft:egg":4,"vinery:red_grape":3,"minecraft:cooked_mutton":2,"blue_skies:maple_spear":13,"comforts:sleeping_bag_black":6,"minecraft:stone_pickaxe":68,"minecraft:oak_planks":14,"minecraft:wooden_pickaxe":6,"minecraft:cracked_stone_bricks":1,"minecraft:sand":3,"minecraft:mossy_cobblestone":1,"minecraft:crafting_table":11,"blue_skies:ventium_water_bucket":6,"minecraft:white_bed":1,"alexsmobs:flying_fish":3,"minecraft:oak_log":2,"minecraft:apple":3,"minecraft:string":1,"minecraft:chicken":3,"minecraft:iron_pickaxe":76,"minecraft:melon_slice":3,"minecraft:bread":22,"minecraft:map":1,"byg:holly_sapling":1,"minecraft:gravel":1,"minecraft:stone_axe":36,"ecologics:coconut_slice":17,"vinery:savanna_grape_seeds_red":1,"minecraft:wooden_sword":48,"minecraft:cobblestone":5,"blue_skies:ventium_bucket":6,"minecraft:porkchop":2,"minecraft:cooked_porkchop":9,"minecraft:bucket":1,"minecraft:birch_log":1,"alexsmobs:animal_dictionary":3,"twigs:pebble":1},"minecraft:dropped":{"farmersdelight:tomato_seeds":8,"minecraft:wheat_seeds":2,"minecraft:feather":2,"ftbquests:book":2,"twigs:twig":5,"abundant_atmosphere:poreshroom":1,"alexsmobs:acacia_blossom":1,"minecraft:birch_sapling":2,"minecraft:pointed_dripstone":22,"minecraft:rotten_flesh":5,"twigs:tangerine_seashell":1,"goodending:birch_mushroom":1,"immersive_weathering:charred_planks":2,"ecologics:coconut_husk":4,"minecraft:oak_sapling":4,"upgrade_aquatic:purple_pickerelweed":3},"minecraft:killed":{"alexsmobs:lobster":2,"minecraft:zombie_horse":1,"minecraft:chicken":4,"ecologics:coconut_crab":1,"minecraft:silverfish":16,"rottencreatures:undead_miner":1,"minecraft:pig":7,"minecraft:zombie_villager":1,"minecraft:salmon":2,"minecraft:creeper":1,"minecraft:sheep":1,"minecraft:zombie":11,"alexsmobs:gazelle":1},"minecraft:custom":{"minecraft:interact_with_smithing_table":1,"minecraft:inspect_dropper":11,"minecraft:interact_with_anvil":1,"minecraft:mob_kills":49,"minecraft:interact_with_crafting_table":32,"minecraft:open_barrel":59,"minecraft:leave_game":4,"minecraft:time_since_death":38229,"minecraft:climb_one_cm":16344,"minecraft:sprint_one_cm":601069,"minecraft:walk_one_cm":792382,"minecraft:drop":31,"minecraft:talked_to_villager":5,"minecraft:play_time":235624,"minecraft:sneak_time":9691,"minecraft:deaths":4,"minecraft:walk_under_water_one_cm":17943,"minecraft:jump":4094,"minecraft:walk_on_water_one_cm":13394,"minecraft:total_world_time":235624,"minecraft:interact_with_furnace":44,"minecraft:traded_with_villager":2,"minecraft:sleep_in_bed":8,"minecraft:time_since_rest":14695,"minecraft:waystone_activated":3,"minecraft:damage_taken":3332,"minecraft:damage_dealt":6031,"twilightforest:life_charms_activated":1,"minecraft:player_kills":1,"minecraft:swim_one_cm":36494,"minecraft:fly_one_cm":836783,"minecraft:open_chest":27,"minecraft:crouch_one_cm":35449,"minecraft:interact_with_smoker":2,"minecraft:fall_one_cm":108947,"minecraft:inspect_dispenser":9,"minecraft:horse_one_cm":694}},"DataVersion":3120}