{"stats":{"minecraft:picked_up":{"ftbquests:book":1},"minecraft:custom":{"minecraft:jump":91,"minecraft:time_since_rest":8260,"minecraft:walk_on_water_one_cm":873,"minecraft:crouch_one_cm":97,"minecraft:leave_game":1,"minecraft:play_time":8260,"minecraft:sprint_one_cm":9063,"minecraft:time_since_death":8260,"minecraft:walk_one_cm":8681,"minecraft:sneak_time":48,"minecraft:total_world_time":8260,"minecraft:walk_under_water_one_cm":612,"minecraft:swim_one_cm":1869,"minecraft:fall_one_cm":2949,"minecraft:drop":1,"minecraft:fly_one_cm":21807},"minecraft:dropped":{"ftbquests:book":1}},"DataVersion":3120}