{"stats":{"minecraft:picked_up":{"minecraft:birch_log":1,"minecraft:crafting_table":5,"minecraft:feather":1,"ecologics:seashell":2,"minecraft:oak_log":8,"immersive_weathering:charred_planks":2,"minecraft:dirt":6,"minecraft:apple":2,"minecraft:wheat_seeds":1,"ftbquests:book":1,"delightful:acorn":2,"twigs:twig":3,"ecologics:crab_claw":1,"minecraft:furnace":1,"minecraft:stick":14,"ecologics:coconut_slice":8,"minecraft:porkchop":2,"minecraft:sand":3,"minecraft:dark_oak_log":5,"minecraft:arrow":1,"minecraft:rotten_flesh":3,"goodending:pollenflake":1,"alexsmobs:maggot":2,"minecraft:oak_sapling":19,"alexsmobs:lobster_tail":1,"minecraft:mutton":2,"twigs:tangerine_seashell":1,"goodending:birch_mushroom":1,"alexsmobs:flying_fish":3,"minecraft:white_wool":1,"minecraft:cobblestone":26},"minecraft:used":{"minecraft:cooked_mutton":2,"minecraft:stone_pickaxe":27,"minecraft:wooden_pickaxe":6,"minecraft:sand":3,"minecraft:crafting_table":6,"ecologics:seashell":2,"alexsmobs:flying_fish":1,"minecraft:wooden_axe":2,"alexsmobs:maggot":2,"minecraft:apple":2,"alexsmobs:lobster_tail":1,"twigs:tangerine_seashell":1,"buzzier_bees:honey_bread":6,"minecraft:stone_axe":2,"ecologics:coconut_slice":6,"minecraft:wooden_sword":30,"minecraft:oak_sapling":8,"minecraft:furnace":1,"minecraft:cooked_porkchop":2,"alexsmobs:animal_dictionary":2},"minecraft:custom":{"minecraft:interact_with_furnace":10,"minecraft:mob_kills":9,"minecraft:interact_with_crafting_table":12,"minecraft:leave_game":2,"minecraft:time_since_death":48737,"minecraft:time_since_rest":48737,"minecraft:sprint_one_cm":83654,"minecraft:damage_taken":649,"minecraft:walk_one_cm":114250,"minecraft:drop":5,"minecraft:damage_dealt":1047,"minecraft:swim_one_cm":12208,"minecraft:fly_one_cm":150811,"minecraft:player_kills":1,"minecraft:open_chest":3,"minecraft:crouch_one_cm":7647,"minecraft:play_time":48737,"minecraft:sneak_time":2060,"minecraft:walk_under_water_one_cm":6140,"minecraft:jump":645,"minecraft:walk_on_water_one_cm":3405,"minecraft:total_world_time":48737,"minecraft:fall_one_cm":15899,"minecraft:horse_one_cm":694},"minecraft:crafted":{"minecraft:wooden_sword":1,"minecraft:oak_planks":32,"minecraft:cooked_porkchop":2,"minecraft:crafting_table":2,"minecraft:wooden_pickaxe":1,"minecraft:furnace":1,"minecraft:stone_axe":1,"minecraft:cooked_mutton":2,"minecraft:air":0,"minecraft:stick":4,"shieldexp:wooden_shield":1,"minecraft:stone_pickaxe":1,"minecraft:wooden_axe":1,"minecraft:stone_sword":1,"minecraft:dark_oak_planks":20,"immersive_weathering:charred_planks":2},"minecraft:killed":{"alexsmobs:lobster":2,"minecraft:pig":1,"minecraft:zombie_horse":1,"minecraft:sheep":1,"minecraft:zombie":4},"minecraft:dropped":{"minecraft:rotten_flesh":3,"immersive_weathering:charred_planks":2,"ftbquests:book":1},"minecraft:mined":{"minecraft:mossy_cobblestone":1,"minecraft:dark_oak_log":5,"minecraft:crafting_table":5,"minecraft:grass_block":3,"minecraft:cobblestone":3,"minecraft:furnace":1,"ecologics:seashell":3,"twigs:tangerine_seashell":1,"minecraft:sand":3,"minecraft:dirt":3,"minecraft:stone":26,"minecraft:oak_leaves":2}},"DataVersion":3120}