{"stats":{"minecraft:custom":{"minecraft:interact_with_smithing_table":1,"minecraft:mob_kills":23,"minecraft:interact_with_crafting_table":15,"minecraft:open_barrel":28,"minecraft:leave_game":3,"minecraft:time_since_death":28386,"minecraft:climb_one_cm":13836,"minecraft:sprint_one_cm":347281,"minecraft:walk_one_cm":490510,"minecraft:drop":19,"minecraft:talked_to_villager":5,"minecraft:play_time":149246,"minecraft:deaths":2,"minecraft:sneak_time":4328,"minecraft:walk_under_water_one_cm":17157,"minecraft:jump":2622,"minecraft:walk_on_water_one_cm":10662,"minecraft:total_world_time":149246,"minecraft:interact_with_furnace":32,"minecraft:traded_with_villager":2,"minecraft:sleep_in_bed":2,"minecraft:time_since_rest":6178,"minecraft:waystone_activated":2,"minecraft:damage_taken":1869,"minecraft:damage_dealt":2753,"twilightforest:life_charms_activated":1,"minecraft:swim_one_cm":33038,"minecraft:fly_one_cm":568820,"minecraft:player_kills":1,"minecraft:open_chest":11,"minecraft:crouch_one_cm":15916,"minecraft:fall_one_cm":73925,"minecraft:horse_one_cm":694},"minecraft:killed":{"alexsmobs:lobster":2,"minecraft:zombie_horse":1,"minecraft:chicken":3,"ecologics:coconut_crab":1,"minecraft:pig":6,"minecraft:salmon":2,"minecraft:sheep":1,"minecraft:zombie":6,"alexsmobs:gazelle":1},"minecraft:picked_up":{"minecraft:crafting_table":6,"byg:holly_sapling":1,"minecraft:chicken":3,"twigs:roseate_seashell":2,"ecologics:seashell":2,"vinery:savanna_grapes_red":6,"comforts:sleeping_bag_black":2,"minecraft:tnt_minecart":1,"minecraft:cobbled_deepslate":2,"delightful:acorn":2,"twigs:pebble":1,"minecraft:rose_bush":1,"minecraft:birch_sapling":2,"ecologics:crab_claw":2,"minecraft:furnace":3,"minecraft:stick":14,"minecraft:raw_iron":4,"ecologics:coconut_slice":20,"minecraft:acacia_log":3,"minecraft:torch":7,"blue_skies:maple_planks":2,"minecraft:porkchop":10,"farmersdelight:tomato_seeds":5,"minecraft:rotten_flesh":3,"minecraft:arrow":3,"minecraft:beetroot_seeds":1,"minecraft:hay_block":6,"alexsmobs:emu_egg":1,"minecraft:mutton":2,"twigs:tangerine_seashell":2,"minecraft:white_wool":1,"alexsmobs:flying_fish":3,"alexsmobs:lobster_tail":1,"minecraft:cobblestone":29,"minecraft:birch_log":1,"minecraft:feather":6,"minecraft:salmon":2,"alexsmobs:acacia_blossom":1,"minecraft:red_mushroom":1,"minecraft:oak_log":10,"farmersdelight:tomato":2,"immersive_weathering:charred_planks":2,"minecraft:lantern":1,"minecraft:dirt":10,"minecraft:apple":3,"delightful:mini_melon":4,"minecraft:wheat_seeds":1,"ftbquests:book":1,"blue_skies:lunar_stonebrick":12,"galosphere:raw_silver":4,"twigs:twig":8,"abundant_atmosphere:poreshroom":2,"minecraft:sand":3,"minecraft:dark_oak_log":5,"goodending:pollenflake":1,"alexsmobs:maggot":2,"minecraft:oak_sapling":23,"minecraft:coal":33,"goodending:birch_mushroom":1},"minecraft:killed_by":{"minecraft:creeper":1,"takesapillage:archer":1},"minecraft:mined":{"minecraft:mossy_cobblestone":1,"minecraft:dark_oak_log":5,"abundant_atmosphere:poreshroom":2,"minecraft:acacia_log":3,"minecraft:grass_block":5,"minecraft:red_mushroom":1,"blue_skies:maple_planks":2,"minecraft:hay_block":6,"minecraft:furnace":3,"minecraft:iron_ore":3,"minecraft:deepslate_iron_ore":2,"minecraft:stone":29,"minecraft:podzol":2,"twigs:pebble":1,"minecraft:glass_pane":1,"galosphere:deepslate_silver_ore":4,"minecraft:crafting_table":6,"minecraft:torch":5,"byg:holly_sapling":1,"twigs:roseate_seashell":2,"minecraft:rose_bush":1,"minecraft:tall_grass":1,"minecraft:cobblestone":3,"farmersdelight:wild_tomatoes":5,"minecraft:wall_torch":1,"ecologics:seashell":3,"minecraft:birch_log":14,"twigs:tangerine_seashell":2,"minecraft:grass":15,"minecraft:oak_log":15,"minecraft:coal_ore":16,"delightful:mini_melon":4,"minecraft:sand":3,"minecraft:dirt":3,"upgrade_aquatic:beachgrass":3,"minecraft:oak_leaves":2,"minecraft:deepslate":2},"minecraft:used":{"minecraft:rose_bush":1,"minecraft:stone_sword":33,"abundant_atmosphere:poreshroom":2,"minecraft:cooked_salmon":2,"twigs:roseate_seashell":2,"minecraft:torch":11,"minecraft:dirt":4,"ecologics:seashell":2,"minecraft:wooden_axe":2,"alexsmobs:maggot":2,"farmersdelight:tomato":2,"alexsmobs:lobster_tail":1,"minecraft:lantern":1,"vinery:savanna_grapes_red":6,"twigs:tangerine_seashell":1,"buzzier_bees:honey_bread":6,"minecraft:furnace":2,"minecraft:oak_sapling":8,"minecraft:cooked_mutton":2,"blue_skies:maple_spear":10,"comforts:sleeping_bag_black":2,"minecraft:stone_pickaxe":59,"minecraft:wooden_pickaxe":6,"minecraft:sand":3,"minecraft:crafting_table":8,"minecraft:oak_log":2,"alexsmobs:flying_fish":3,"minecraft:apple":3,"minecraft:melon_slice":3,"minecraft:chicken":2,"minecraft:bread":8,"minecraft:map":1,"byg:holly_sapling":1,"minecraft:stone_axe":36,"ecologics:coconut_slice":17,"vinery:savanna_grape_seeds_red":1,"minecraft:wooden_sword":48,"minecraft:cobblestone":3,"minecraft:cooked_porkchop":3,"minecraft:porkchop":1,"alexsmobs:animal_dictionary":3,"twigs:pebble":1},"minecraft:dropped":{"ftbquests:book":2,"twigs:twig":5,"alexsmobs:acacia_blossom":1,"minecraft:birch_sapling":2,"minecraft:rotten_flesh":3,"twigs:tangerine_seashell":1,"goodending:birch_mushroom":1,"immersive_weathering:charred_planks":2,"ecologics:coconut_husk":4,"minecraft:oak_sapling":4},"minecraft:crafted":{"minecraft:wooden_sword":2,"minecraft:oak_planks":32,"blue_skies:maple_stick":4,"minecraft:melon_slice":12,"minecraft:cooked_chicken":1,"minecraft:furnace":1,"minecraft:cooked_mutton":2,"minecraft:stone_pickaxe":1,"galosphere:silver_ingot":4,"minecraft:dark_oak_planks":20,"immersive_weathering:charred_planks":2,"blue_skies:blue_journal":2,"minecraft:cooked_porkchop":9,"minecraft:crafting_table":3,"blue_skies:maple_spear":1,"minecraft:wooden_pickaxe":1,"alexsmobs:boiled_emu_egg":1,"minecraft:cooked_salmon":2,"comforts:sleeping_bag_black":1,"minecraft:stone_axe":1,"minecraft:air":0,"minecraft:stick":8,"shieldexp:wooden_shield":1,"minecraft:wooden_axe":1,"minecraft:stone_sword":1,"minecraft:acacia_planks":12,"minecraft:torch":24}},"DataVersion":3120}