{"stats":{"minecraft:picked_up":{"minecraft:birch_log":1,"minecraft:crafting_table":5,"minecraft:feather":1,"alexsmobs:acacia_blossom":1,"ecologics:seashell":2,"minecraft:oak_log":9,"immersive_weathering:charred_planks":2,"minecraft:dirt":7,"minecraft:lantern":1,"vinery:savanna_grapes_red":6,"minecraft:apple":3,"minecraft:wheat_seeds":1,"twigs:pebble":1,"ftbquests:book":1,"delightful:acorn":2,"twigs:twig":7,"minecraft:birch_sapling":2,"ecologics:crab_claw":1,"minecraft:furnace":1,"minecraft:stick":14,"abundant_atmosphere:poreshroom":2,"ecologics:coconut_slice":10,"minecraft:porkchop":2,"minecraft:sand":3,"minecraft:dark_oak_log":5,"minecraft:arrow":1,"minecraft:rotten_flesh":3,"goodending:pollenflake":1,"alexsmobs:maggot":2,"minecraft:oak_sapling":23,"minecraft:coal":16,"alexsmobs:lobster_tail":1,"minecraft:mutton":2,"twigs:tangerine_seashell":2,"goodending:birch_mushroom":1,"alexsmobs:flying_fish":3,"minecraft:white_wool":1,"minecraft:cobblestone":29},"minecraft:used":{"minecraft:cooked_mutton":2,"minecraft:stone_sword":8,"abundant_atmosphere:poreshroom":2,"minecraft:stone_pickaxe":46,"minecraft:wooden_pickaxe":6,"minecraft:dirt":1,"minecraft:sand":3,"minecraft:crafting_table":6,"ecologics:seashell":2,"alexsmobs:flying_fish":3,"minecraft:wooden_axe":2,"alexsmobs:maggot":2,"minecraft:apple":3,"alexsmobs:lobster_tail":1,"minecraft:lantern":1,"minecraft:bread":3,"minecraft:map":1,"vinery:savanna_grapes_red":6,"twigs:tangerine_seashell":1,"buzzier_bees:honey_bread":6,"minecraft:stone_axe":33,"ecologics:coconut_slice":10,"vinery:savanna_grape_seeds_red":1,"minecraft:wooden_sword":30,"minecraft:cobblestone":3,"minecraft:oak_sapling":8,"minecraft:furnace":1,"minecraft:cooked_porkchop":2,"alexsmobs:animal_dictionary":3,"twigs:pebble":1},"minecraft:custom":{"minecraft:interact_with_smithing_table":1,"minecraft:interact_with_furnace":14,"minecraft:mob_kills":10,"minecraft:traded_with_villager":1,"minecraft:interact_with_crafting_table":12,"minecraft:open_barrel":2,"minecraft:leave_game":2,"minecraft:time_since_death":22596,"minecraft:climb_one_cm":214,"minecraft:time_since_rest":22641,"minecraft:sprint_one_cm":151397,"minecraft:damage_taken":1209,"minecraft:walk_one_cm":208430,"minecraft:drop":16,"minecraft:damage_dealt":1423,"twilightforest:life_charms_activated":1,"minecraft:talked_to_villager":2,"minecraft:swim_one_cm":23920,"minecraft:fly_one_cm":273345,"minecraft:player_kills":1,"minecraft:open_chest":5,"minecraft:crouch_one_cm":10235,"minecraft:play_time":72737,"minecraft:deaths":1,"minecraft:sneak_time":2946,"minecraft:walk_under_water_one_cm":13785,"minecraft:jump":1260,"minecraft:walk_on_water_one_cm":6262,"minecraft:total_world_time":72737,"minecraft:fall_one_cm":31010,"minecraft:horse_one_cm":694},"minecraft:killed_by":{"minecraft:creeper":1},"minecraft:crafted":{"minecraft:wooden_sword":1,"blue_skies:blue_journal":1,"minecraft:oak_planks":32,"minecraft:cooked_porkchop":2,"minecraft:crafting_table":2,"minecraft:wooden_pickaxe":1,"minecraft:furnace":1,"minecraft:stone_axe":1,"minecraft:cooked_mutton":2,"minecraft:air":0,"minecraft:stick":4,"shieldexp:wooden_shield":1,"minecraft:stone_pickaxe":1,"minecraft:wooden_axe":1,"minecraft:stone_sword":1,"minecraft:dark_oak_planks":20,"immersive_weathering:charred_planks":2},"minecraft:killed":{"alexsmobs:lobster":2,"minecraft:pig":1,"minecraft:zombie_horse":1,"minecraft:sheep":1,"minecraft:zombie":4,"alexsmobs:gazelle":1},"minecraft:dropped":{"alexsmobs:acacia_blossom":1,"minecraft:birch_sapling":2,"minecraft:rotten_flesh":3,"twigs:tangerine_seashell":1,"goodending:birch_mushroom":1,"immersive_weathering:charred_planks":2,"ecologics:coconut_husk":1,"minecraft:oak_sapling":4,"ftbquests:book":2,"twigs:twig":4},"minecraft:mined":{"twigs:pebble":1,"minecraft:mossy_cobblestone":1,"minecraft:dark_oak_log":5,"minecraft:crafting_table":5,"abundant_atmosphere:poreshroom":2,"minecraft:grass_block":4,"minecraft:cobblestone":3,"minecraft:furnace":1,"ecologics:seashell":3,"minecraft:birch_log":14,"twigs:tangerine_seashell":2,"minecraft:oak_log":13,"minecraft:coal_ore":16,"minecraft:sand":3,"minecraft:dirt":3,"minecraft:stone":29,"minecraft:oak_leaves":2}},"DataVersion":3120}