{"stats":{"minecraft:picked_up":{"minecraft:birch_log":66,"minecraft:feather":1,"minecraft:birch_planks":1,"biomemakeover:moth_scales":2,"minecraft:oak_log":49,"minecraft:dirt":66,"byg:palm_sapling":1,"minecraft:wheat_seeds":2,"delightful:acorn":4,"twigs:twig":9,"minecraft:birch_sapling":12,"minecraft:oak_planks":1,"ecologics:coconut_slice":2,"ecologics:coconut_seedling":5,"minecraft:sand":2,"minecraft:mossy_cobblestone":3,"environmental:venison":6,"minecraft:rotten_flesh":2,"goodending:pollenflake":1,"ecologics:coconut_log":21,"byg:palm_log":9,"minecraft:oak_sapling":12,"goodending:birch_mushroom":1,"alexsmobs:flying_fish":1,"minecraft:cobblestone":26},"minecraft:used":{"environmental:cooked_venison":2,"minecraft:birch_planks":248,"minecraft:stone_pickaxe":9,"minecraft:oak_planks":31,"woodworks:oak_chest":2,"minecraft:wooden_pickaxe":29,"minecraft:wooden_shovel":57,"minecraft:dirt":18,"minecraft:crafting_table":4,"minecraft:wooden_axe":66,"buzzier_bees:honey_bread":4,"minecraft:stone_axe":125,"ecologics:coconut_slice":2,"minecraft:wooden_sword":77,"minecraft:furnace":1,"minecraft:birch_log":2,"delightful:acorn":4},"minecraft:broken":{"minecraft:wooden_sword":1,"minecraft:wooden_axe":1},"minecraft:custom":{"minecraft:interact_with_furnace":4,"minecraft:mob_kills":8,"minecraft:interact_with_crafting_table":19,"minecraft:leave_game":1,"minecraft:time_since_death":16031,"minecraft:time_since_rest":16060,"minecraft:sprint_one_cm":94987,"minecraft:damage_taken":1710,"minecraft:walk_one_cm":111033,"minecraft:drop":4,"minecraft:damage_dealt":1206,"twilightforest:life_charms_activated":1,"minecraft:swim_one_cm":9104,"minecraft:fly_one_cm":77639,"minecraft:open_chest":3,"minecraft:crouch_one_cm":10143,"minecraft:play_time":40941,"minecraft:deaths":4,"minecraft:sneak_time":5181,"minecraft:walk_under_water_one_cm":1599,"minecraft:jump":572,"minecraft:walk_on_water_one_cm":3441,"minecraft:total_world_time":40941,"minecraft:fall_one_cm":10197},"minecraft:killed_by":{"minecraft:player":1,"minecraft:creeper":1,"minecraft:drowned":2},"minecraft:crafted":{"minecraft:wooden_sword":1,"minecraft:oak_planks":196,"minecraft:wooden_shovel":1,"minecraft:crafting_table":4,"ecologics:coconut_planks":84,"minecraft:wooden_pickaxe":1,"minecraft:furnace":1,"minecraft:birch_planks":256,"minecraft:stone_axe":1,"woodworks:oak_chest":2,"byg:palm_planks":36,"minecraft:stick":32,"shieldexp:wooden_shield":1,"minecraft:stone_pickaxe":1,"minecraft:wooden_axe":1,"minecraft:stone_sword":1,"environmental:cooked_venison":6},"minecraft:killed":{"goodending:woodpecker":1,"minecraft:zombie":5,"biomemakeover:moth":1,"environmental:deer":2},"minecraft:dropped":{"minecraft:birch_sapling":1,"minecraft:rotten_flesh":1,"minecraft:oak_sapling":1,"minecraft:wooden_shovel":1},"minecraft:mined":{"minecraft:mossy_cobblestone":5,"goodending:birch_mushroom":1,"goodending:pollenflake":1,"minecraft:grass_block":17,"minecraft:tall_grass":9,"minecraft:cobblestone":4,"ecologics:coconut_log":21,"minecraft:oak_planks":1,"minecraft:birch_planks":3,"byg:palm_log":12,"minecraft:birch_log":64,"minecraft:grass":22,"minecraft:oak_log":63,"minecraft:sand":2,"minecraft:dirt":49,"windswept:bluebells":1,"minecraft:stone":25,"immersive_weathering:dark_oak_leaf_pile":1,"minecraft:fern":2,"immersive_weathering:oak_leaf_pile":2}},"DataVersion":3120}