{"stats":{"minecraft:mined":{"ecologics:coconut_planks":7,"biomemakeover:wild_mushrooms":11,"minecraft:mossy_cobblestone":5,"goodending:birch_mushroom":3,"byg:pink_allium_flower_bush":1,"goodending:pollenflake":1,"immersive_weathering:birch_leaf_pile":2,"minecraft:granite":1,"minecraft:grass_block":117,"ecologics:coconut_log":44,"minecraft:kelp":3,"excavated_variants:granite_coal_ore":13,"minecraft:red_mushroom":56,"another_furniture:oak_table":2,"environmental:giant_tall_grass":3,"minecraft:furnace":1,"minecraft:iron_ore":22,"minecraft:andesite":7,"minecraft:pumpkin":4,"minecraft:azure_bluet":1,"minecraft:lantern":1,"windswept:bluebells":2,"vinery:grapevine_stem":5,"immersive_weathering:ivy":1,"minecraft:stone":190,"byg:white_puffball":13,"byg:fairy_slipper":1,"supplementaries:wall_lantern":1,"immersive_weathering:oak_leaf_pile":2,"minecraft:birch_stairs":6,"twigs:pebble":2,"minecraft:brown_mushroom":53,"blue_skies:turquoise_stonebrick":2,"minecraft:kelp_plant":18,"minecraft:lily_of_the_valley":2,"minecraft:crafting_table":1,"minecraft:cornflower":1,"minecraft:torch":5,"vinery:red_grape_bush":6,"minecraft:mushroom_stem":5,"galosphere:silver_ore":10,"woodworks:oak_chest":1,"minecraft:tall_grass":24,"everycomp:db/ecologics/coconut_support":2,"minecraft:cobblestone":29,"excavated_variants:andesite_iron_ore":15,"minecraft:sugar_cane":1,"minecraft:oak_planks":12,"minecraft:wall_torch":1,"farmersdelight:wild_beetroots":12,"minecraft:birch_planks":4,"farmersdelight:sandy_shrub":1,"byg:palm_log":25,"minecraft:birch_log":203,"byg:horseweed":6,"incubation:twig_chicken_nest":1,"minecraft:birch_leaves":2,"minecraft:yellow_bed":3,"minecraft:grass":89,"decorative_blocks:chandelier":3,"minecraft:oak_log":81,"minecraft:coal_ore":82,"minecraft:beetroots":1,"minecraft:dark_oak_sapling":1,"minecraft:sand":2,"byg:rose":1,"minecraft:gravel":18,"byg:palm_leaves":3,"minecraft:dirt":92,"minecraft:red_mushroom_block":23,"ecologics:coconut_seedling":2,"immersive_weathering:dark_oak_leaf_pile":1,"minecraft:oak_leaves":23,"minecraft:fern":9,"excavated_variants:diorite_coal_ore":7},"minecraft:crafted":{"minecraft:wooden_sword":1,"minecraft:oak_planks":236,"minecraft:stone_shovel":2,"minecraft:fishing_rod":1,"ecologics:coconut_planks":172,"minecraft:cooked_chicken":1,"another_furniture:oak_table":3,"another_furniture:oak_chair":3,"minecraft:furnace":4,"minecraft:mushroom_stew":13,"decorative_blocks:chandelier":1,"minecraft:stone_pickaxe":5,"ecologics:coconut_boat":1,"minecraft:smoker":1,"minecraft:cooked_cod":4,"woodworks:birch_chest":2,"minecraft:wooden_shovel":1,"vinery:grapevine_stem":16,"minecraft:crafting_table":7,"minecraft:dried_kelp":50,"minecraft:wooden_pickaxe":1,"minecraft:iron_sword":1,"minecraft:cooked_salmon":1,"minecraft:birch_planks":768,"minecraft:stone_axe":3,"minecraft:air":0,"woodworks:oak_chest":3,"byg:palm_planks":36,"everycomp:db/ecologics/coconut_support":3,"minecraft:iron_chestplate":1,"minecraft:wooden_hoe":1,"minecraft:iron_leggings":4,"minecraft:stick":152,"minecraft:iron_ingot":38,"shieldexp:wooden_shield":2,"minecraft:wooden_axe":1,"minecraft:stone_sword":1,"environmental:cooked_venison":7,"minecraft:torch":104,"minecraft:birch_stairs":200},"minecraft:killed_by":{"minecraft:player":1,"minecraft:creeper":2,"minecraft:drowned":2,"minecraft:skeleton":1},"minecraft:picked_up":{"minecraft:crafting_table":1,"vinery:red_grape":1,"minecraft:azure_bluet":1,"minecraft:chicken":11,"minecraft:lead":3,"minecraft:brown_mushroom":58,"vinery:red_grape_seeds":8,"another_furniture:oak_table":2,"ecologics:coconut_boat":1,"alexsmobs:gazelle_horn":2,"minecraft:string":3,"byg:horseweed":6,"woodworks:oak_chest":1,"byg:palm_sapling":2,"minecraft:beetroot":3,"twigs:pebble":4,"delightful:acorn":4,"byg:pink_allium_flower_bush":1,"everycomp:db/ecologics/coconut_support":2,"minecraft:sugar_cane":3,"minecraft:birch_sapling":43,"minecraft:egg":4,"minecraft:furnace":1,"minecraft:dark_oak_sapling":1,"minecraft:stick":3,"minecraft:raw_iron":38,"ecologics:coconut_slice":4,"minecraft:torch":7,"ecologics:coconut_seedling":10,"minecraft:carrot":1,"minecraft:stone_sword":1,"minecraft:arrow":2,"minecraft:rotten_flesh":13,"minecraft:beetroot_seeds":12,"ecologics:coconut_log":43,"byg:palm_log":22,"supplementaries:ash":3,"byg:white_puffball_spores":15,"minecraft:mutton":1,"minecraft:cod":4,"alexsmobs:flying_fish":1,"minecraft:cobblestone":229,"minecraft:birch_log":203,"decorative_blocks:chandelier":3,"minecraft:feather":14,"minecraft:tripwire_hook":1,"minecraft:andesite":7,"minecraft:salmon":1,"ecologics:coconut_planks":5,"minecraft:leather":3,"minecraft:red_mushroom":77,"minecraft:birch_planks":1,"biomemakeover:moth_scales":2,"minecraft:oak_log":67,"byg:white_puffball_cap":10,"minecraft:yellow_bed":3,"minecraft:gunpowder":3,"windswept:bluebells":3,"minecraft:dirt":208,"minecraft:lantern":2,"minecraft:leather_boots":1,"minecraft:bone":3,"minecraft:kelp":105,"minecraft:wheat_seeds":16,"minecraft:stone_pickaxe":1,"vinery:grapevine_stem":7,"galosphere:raw_silver":10,"twigs:twig":41,"minecraft:acacia_sapling":1,"minecraft:oak_planks":10,"byg:rose":1,"minecraft:pumpkin":4,"byg:fairy_slipper":1,"minecraft:gravel":16,"minecraft:birch_stairs":4,"minecraft:sand":2,"minecraft:lily_of_the_valley":4,"minecraft:spider_eye":1,"minecraft:mossy_cobblestone":3,"environmental:venison":7,"goodending:pollenflake":1,"minecraft:granite":1,"blue_skies:turquoise_stonebrick":2,"minecraft:oak_sapling":14,"minecraft:oak_leaves":3,"goodending:birch_mushroom":3,"minecraft:coal":100},"minecraft:dropped":{"byg:pink_allium_flower_bush":1,"minecraft:tripwire_hook":1,"minecraft:stone_sword":1,"minecraft:birch_sapling":1,"minecraft:rotten_flesh":1,"minecraft:oak_sapling":1,"minecraft:wooden_shovel":1,"minecraft:stone_pickaxe":1},"minecraft:used":{"minecraft:beetroot":3,"environmental:cooked_venison":3,"minecraft:stone_sword":162,"minecraft:stone_shovel":124,"minecraft:dried_kelp":50,"woodworks:oak_chest":4,"minecraft:iron_sword":118,"minecraft:cooked_salmon":1,"minecraft:wooden_shovel":57,"minecraft:cooked_chicken":2,"ecologics:coconut_planks":115,"minecraft:rotten_flesh":2,"minecraft:torch":54,"minecraft:dirt":154,"minecraft:mutton":1,"minecraft:lily_of_the_valley":1,"minecraft:granite":1,"minecraft:wooden_axe":66,"shieldexp:wooden_shield":11,"windswept:bluebells":2,"vinery:grapevine_stem":13,"byg:rose":1,"buzzier_bees:honey_bread":6,"woodworks:birch_chest":2,"minecraft:oak_sapling":1,"minecraft:furnace":3,"ecologics:coconut_boat":2,"minecraft:cooked_cod":4,"minecraft:beetroot_seeds":12,"ecologics:coconut_seedling":2,"minecraft:wheat_seeds":10,"minecraft:birch_planks":329,"minecraft:stone_pickaxe":380,"minecraft:oak_planks":54,"minecraft:wooden_pickaxe":29,"byg:fairy_slipper":1,"another_furniture:oak_chair":3,"everycomp:db/ecologics/coconut_support":3,"another_furniture:oak_table":5,"minecraft:crafting_table":7,"minecraft:mushroom_stew":13,"minecraft:smoker":1,"decorative_blocks:chandelier":4,"minecraft:flower_pot":3,"minecraft:wooden_hoe":25,"goodending:birch_mushroom":1,"minecraft:stone_axe":395,"ecologics:coconut_slice":4,"minecraft:fishing_rod":10,"minecraft:wooden_sword":77,"minecraft:cobblestone":64,"minecraft:andesite":5,"minecraft:birch_log":2,"minecraft:yellow_bed":3,"vinery:red_grape_seeds":2,"byg:palm_planks":36,"minecraft:birch_stairs":136,"delightful:acorn":4,"twigs:pebble":4,"byg:palm_sapling":2},"minecraft:broken":{"minecraft:stone_pickaxe":2,"minecraft:wooden_sword":1,"minecraft:stone_axe":2,"shieldexp:wooden_shield":1,"minecraft:wooden_axe":1},"minecraft:killed":{"minecraft:spider":2,"alexsmobs:sugar_glider":1,"minecraft:skeleton":2,"minecraft:chicken":11,"biomemakeover:moth":1,"rottencreatures:undead_miner":1,"minecraft:creeper":1,"minecraft:trader_llama":2,"goodending:woodpecker":1,"minecraft:zombie":7,"alexsmobs:gazelle":2,"environmental:deer":3},"minecraft:custom":{"minecraft:interact_with_smithing_table":1,"minecraft:mob_kills":45,"minecraft:interact_with_crafting_table":68,"minecraft:open_barrel":1,"minecraft:leave_game":4,"minecraft:time_since_death":16514,"minecraft:climb_one_cm":4538,"minecraft:sprint_one_cm":451295,"minecraft:walk_one_cm":689473,"minecraft:damage_blocked_by_shield":565,"minecraft:drop":8,"minecraft:talked_to_villager":1,"minecraft:play_time":231901,"minecraft:deaths":7,"minecraft:sneak_time":14375,"minecraft:walk_under_water_one_cm":48832,"minecraft:boat_one_cm":1268,"minecraft:jump":4680,"minecraft:walk_on_water_one_cm":49430,"minecraft:total_world_time":231901,"minecraft:interact_with_furnace":21,"minecraft:pot_flower":3,"minecraft:sleep_in_bed":6,"minecraft:time_since_rest":16559,"minecraft:damage_taken":4136,"minecraft:damage_dealt":5461,"twilightforest:life_charms_activated":1,"minecraft:swim_one_cm":72157,"minecraft:fly_one_cm":528226,"minecraft:open_chest":67,"minecraft:crouch_one_cm":48261,"minecraft:interact_with_smoker":9,"minecraft:fish_caught":5,"minecraft:fall_one_cm":57414}},"DataVersion":3120}