{"stats":{"minecraft:picked_up":{"minecraft:birch_log":2,"minecraft:feather":1,"ecologics:coconut_slice":2,"biomemakeover:moth_scales":2,"minecraft:oak_log":49,"minecraft:dirt":58,"environmental:venison":6,"goodending:pollenflake":1,"minecraft:rotten_flesh":2,"minecraft:wheat_seeds":1,"delightful:acorn":4,"minecraft:oak_sapling":12,"alexsmobs:flying_fish":1,"minecraft:birch_sapling":1,"minecraft:oak_planks":1,"goodending:birch_mushroom":1,"minecraft:cobblestone":21},"minecraft:used":{"minecraft:wooden_axe":66,"environmental:cooked_venison":1,"minecraft:oak_planks":23,"woodworks:oak_chest":2,"minecraft:wooden_pickaxe":25,"minecraft:wooden_shovel":57,"buzzier_bees:honey_bread":4,"ecologics:coconut_slice":2,"minecraft:wooden_sword":77,"minecraft:crafting_table":4,"minecraft:furnace":1,"minecraft:birch_log":2,"delightful:acorn":4},"minecraft:broken":{"minecraft:wooden_axe":1,"minecraft:wooden_sword":1},"minecraft:custom":{"minecraft:time_since_rest":4060,"minecraft:interact_with_furnace":3,"minecraft:sprint_one_cm":83454,"minecraft:damage_taken":1710,"minecraft:walk_one_cm":89096,"minecraft:mob_kills":8,"minecraft:drop":4,"minecraft:damage_dealt":1206,"twilightforest:life_charms_activated":1,"minecraft:swim_one_cm":9104,"minecraft:interact_with_crafting_table":13,"minecraft:fly_one_cm":72506,"minecraft:open_chest":2,"minecraft:crouch_one_cm":3199,"minecraft:play_time":28941,"minecraft:deaths":4,"minecraft:sneak_time":1226,"minecraft:walk_under_water_one_cm":1599,"minecraft:jump":445,"minecraft:leave_game":1,"minecraft:walk_on_water_one_cm":3441,"minecraft:time_since_death":4031,"minecraft:total_world_time":28941,"minecraft:fall_one_cm":9930},"minecraft:killed_by":{"minecraft:player":1,"minecraft:drowned":2,"minecraft:creeper":1},"minecraft:crafted":{"woodworks:oak_chest":2,"minecraft:wooden_sword":1,"minecraft:oak_planks":196,"minecraft:wooden_shovel":1,"minecraft:crafting_table":4,"minecraft:stick":32,"minecraft:wooden_pickaxe":1,"minecraft:wooden_axe":1,"environmental:cooked_venison":1,"minecraft:furnace":1},"minecraft:killed":{"goodending:woodpecker":1,"minecraft:zombie":5,"biomemakeover:moth":1,"environmental:deer":2},"minecraft:dropped":{"minecraft:wooden_shovel":1,"minecraft:birch_sapling":1,"minecraft:oak_sapling":1,"minecraft:rotten_flesh":1},"minecraft:mined":{"goodending:birch_mushroom":1,"goodending:pollenflake":1,"minecraft:grass":14,"minecraft:grass_block":15,"minecraft:oak_log":63,"minecraft:dirt":43,"minecraft:tall_grass":8,"minecraft:stone":21,"minecraft:oak_planks":1,"immersive_weathering:dark_oak_leaf_pile":1,"immersive_weathering:oak_leaf_pile":2}},"DataVersion":3120}