{"stats":{"minecraft:killed":{"minecraft:zombie":5,"biomemakeover:moth":1},"minecraft:picked_up":{"minecraft:birch_log":2,"biomemakeover:moth_scales":2,"minecraft:oak_log":5,"minecraft:rotten_flesh":2,"delightful:acorn":1,"minecraft:oak_sapling":1,"minecraft:birch_sapling":1,"minecraft:oak_planks":1},"minecraft:mined":{"minecraft:grass":2,"minecraft:oak_log":5,"minecraft:oak_planks":1,"immersive_weathering:dark_oak_leaf_pile":1,"immersive_weathering:oak_leaf_pile":2},"minecraft:dropped":{"minecraft:birch_sapling":1,"minecraft:oak_sapling":1,"minecraft:rotten_flesh":1},"minecraft:custom":{"minecraft:time_since_rest":7447,"minecraft:sprint_one_cm":18132,"minecraft:damage_taken":790,"minecraft:walk_one_cm":39017,"minecraft:mob_kills":5,"minecraft:drop":3,"minecraft:damage_dealt":869,"minecraft:interact_with_crafting_table":1,"minecraft:swim_one_cm":850,"minecraft:fly_one_cm":15381,"minecraft:crouch_one_cm":3066,"minecraft:play_time":11484,"minecraft:deaths":1,"minecraft:sneak_time":1182,"minecraft:walk_under_water_one_cm":178,"minecraft:jump":117,"minecraft:leave_game":1,"minecraft:time_since_death":7393,"minecraft:walk_on_water_one_cm":140,"minecraft:total_world_time":11484,"minecraft:fall_one_cm":2675},"minecraft:killed_by":{"minecraft:creeper":1},"minecraft:used":{"minecraft:wooden_axe":1,"minecraft:oak_planks":4,"minecraft:wooden_sword":37,"minecraft:crafting_table":1,"minecraft:birch_log":2,"delightful:acorn":1},"minecraft:crafted":{"minecraft:wooden_sword":1,"minecraft:oak_planks":20,"minecraft:crafting_table":1,"minecraft:stick":8,"minecraft:wooden_pickaxe":1,"minecraft:wooden_axe":1}},"DataVersion":3120}