{"stats":{"minecraft:custom":{"minecraft:interact_with_smithing_table":1,"minecraft:mob_kills":25,"minecraft:open_barrel":1,"minecraft:interact_with_crafting_table":53,"minecraft:leave_game":3,"minecraft:time_since_death":15658,"minecraft:climb_one_cm":3180,"minecraft:sprint_one_cm":310994,"minecraft:walk_one_cm":551349,"minecraft:damage_blocked_by_shield":240,"minecraft:drop":5,"minecraft:play_time":160578,"minecraft:deaths":5,"minecraft:sneak_time":13320,"minecraft:walk_under_water_one_cm":20193,"minecraft:jump":3784,"minecraft:walk_on_water_one_cm":28765,"minecraft:total_world_time":160578,"minecraft:interact_with_furnace":11,"minecraft:pot_flower":3,"minecraft:sleep_in_bed":3,"minecraft:time_since_rest":9549,"minecraft:damage_taken":2664,"minecraft:damage_dealt":3063,"twilightforest:life_charms_activated":1,"minecraft:swim_one_cm":36516,"minecraft:fly_one_cm":392363,"minecraft:open_chest":37,"minecraft:crouch_one_cm":44526,"minecraft:fall_one_cm":42146},"minecraft:killed":{"minecraft:spider":2,"alexsmobs:sugar_glider":1,"minecraft:chicken":3,"biomemakeover:moth":1,"minecraft:creeper":1,"goodending:woodpecker":1,"minecraft:zombie":6,"alexsmobs:gazelle":2,"environmental:deer":3},"minecraft:picked_up":{"minecraft:crafting_table":1,"minecraft:chicken":3,"minecraft:brown_mushroom":58,"another_furniture:oak_table":2,"alexsmobs:gazelle_horn":2,"minecraft:string":3,"byg:horseweed":6,"woodworks:oak_chest":1,"byg:palm_sapling":1,"minecraft:beetroot":3,"delightful:acorn":4,"twigs:pebble":4,"everycomp:db/ecologics/coconut_support":2,"minecraft:sugar_cane":3,"minecraft:birch_sapling":43,"minecraft:furnace":1,"minecraft:dark_oak_sapling":1,"minecraft:stick":1,"ecologics:coconut_slice":4,"minecraft:torch":6,"ecologics:coconut_seedling":10,"minecraft:carrot":1,"minecraft:stone_sword":1,"minecraft:rotten_flesh":8,"minecraft:beetroot_seeds":12,"ecologics:coconut_log":43,"byg:palm_log":9,"supplementaries:ash":3,"minecraft:mutton":1,"byg:white_puffball_spores":15,"alexsmobs:flying_fish":1,"minecraft:cobblestone":212,"minecraft:birch_log":203,"decorative_blocks:chandelier":3,"minecraft:feather":7,"minecraft:andesite":5,"ecologics:coconut_planks":5,"minecraft:leather":1,"minecraft:red_mushroom":77,"minecraft:birch_planks":1,"biomemakeover:moth_scales":2,"minecraft:oak_log":67,"byg:white_puffball_cap":10,"minecraft:yellow_bed":3,"minecraft:gunpowder":1,"windswept:bluebells":3,"minecraft:dirt":202,"minecraft:lantern":2,"minecraft:leather_boots":1,"minecraft:wheat_seeds":11,"vinery:grapevine_stem":7,"twigs:twig":41,"minecraft:oak_planks":10,"minecraft:acacia_sapling":1,"byg:rose":1,"minecraft:pumpkin":4,"byg:fairy_slipper":1,"minecraft:gravel":15,"minecraft:sand":2,"minecraft:birch_stairs":4,"minecraft:lily_of_the_valley":1,"minecraft:spider_eye":1,"minecraft:mossy_cobblestone":3,"environmental:venison":7,"goodending:pollenflake":1,"minecraft:granite":1,"blue_skies:turquoise_stonebrick":2,"minecraft:oak_leaves":3,"minecraft:coal":58,"minecraft:oak_sapling":14,"goodending:birch_mushroom":2},"minecraft:broken":{"minecraft:stone_pickaxe":1,"minecraft:wooden_sword":1,"minecraft:stone_axe":2,"shieldexp:wooden_shield":1,"minecraft:wooden_axe":1},"minecraft:killed_by":{"minecraft:player":1,"minecraft:creeper":1,"minecraft:drowned":2},"minecraft:mined":{"biomemakeover:wild_mushrooms":11,"ecologics:coconut_planks":7,"minecraft:mossy_cobblestone":5,"goodending:birch_mushroom":2,"minecraft:granite":1,"goodending:pollenflake":1,"immersive_weathering:birch_leaf_pile":2,"minecraft:grass_block":116,"ecologics:coconut_log":44,"excavated_variants:granite_coal_ore":13,"minecraft:red_mushroom":56,"another_furniture:oak_table":2,"environmental:giant_tall_grass":3,"minecraft:furnace":1,"minecraft:andesite":5,"minecraft:pumpkin":4,"minecraft:lantern":1,"windswept:bluebells":2,"vinery:grapevine_stem":5,"immersive_weathering:ivy":1,"minecraft:stone":173,"byg:fairy_slipper":1,"supplementaries:wall_lantern":1,"byg:white_puffball":13,"immersive_weathering:oak_leaf_pile":2,"minecraft:birch_stairs":6,"twigs:pebble":2,"minecraft:brown_mushroom":53,"blue_skies:turquoise_stonebrick":2,"minecraft:crafting_table":1,"minecraft:cornflower":1,"minecraft:torch":5,"minecraft:mushroom_stem":5,"woodworks:oak_chest":1,"everycomp:db/ecologics/coconut_support":2,"minecraft:tall_grass":16,"minecraft:cobblestone":29,"minecraft:sugar_cane":1,"minecraft:oak_planks":12,"farmersdelight:wild_beetroots":12,"farmersdelight:sandy_shrub":1,"minecraft:birch_planks":4,"byg:palm_log":12,"minecraft:birch_log":203,"byg:horseweed":6,"minecraft:birch_leaves":1,"minecraft:yellow_bed":3,"decorative_blocks:chandelier":3,"minecraft:grass":67,"minecraft:oak_log":81,"minecraft:coal_ore":47,"minecraft:beetroots":1,"minecraft:dark_oak_sapling":1,"byg:rose":1,"byg:palm_leaves":3,"minecraft:gravel":17,"minecraft:sand":2,"minecraft:dirt":87,"minecraft:red_mushroom_block":23,"immersive_weathering:dark_oak_leaf_pile":1,"ecologics:coconut_seedling":2,"minecraft:oak_leaves":23,"minecraft:fern":7},"minecraft:used":{"minecraft:beetroot":3,"environmental:cooked_venison":3,"minecraft:stone_sword":142,"minecraft:stone_shovel":124,"woodworks:oak_chest":4,"minecraft:wooden_shovel":57,"ecologics:coconut_planks":110,"minecraft:cooked_chicken":2,"minecraft:torch":19,"minecraft:dirt":154,"minecraft:mutton":1,"minecraft:lily_of_the_valley":1,"minecraft:granite":1,"minecraft:wooden_axe":66,"shieldexp:wooden_shield":9,"windswept:bluebells":2,"vinery:grapevine_stem":13,"byg:rose":1,"buzzier_bees:honey_bread":6,"woodworks:birch_chest":2,"minecraft:furnace":3,"minecraft:oak_sapling":1,"minecraft:beetroot_seeds":12,"ecologics:coconut_seedling":2,"minecraft:birch_planks":329,"minecraft:stone_pickaxe":264,"minecraft:oak_planks":54,"minecraft:wooden_pickaxe":29,"byg:fairy_slipper":1,"another_furniture:oak_chair":3,"everycomp:db/ecologics/coconut_support":3,"another_furniture:oak_table":5,"minecraft:crafting_table":7,"minecraft:mushroom_stew":8,"decorative_blocks:chandelier":4,"minecraft:wooden_hoe":14,"minecraft:flower_pot":3,"goodending:birch_mushroom":1,"minecraft:stone_axe":381,"ecologics:coconut_slice":4,"minecraft:wooden_sword":77,"minecraft:cobblestone":64,"minecraft:birch_log":2,"minecraft:andesite":5,"minecraft:yellow_bed":3,"twigs:pebble":4,"byg:palm_sapling":1,"delightful:acorn":4,"minecraft:birch_stairs":136},"minecraft:dropped":{"minecraft:stone_sword":1,"minecraft:birch_sapling":1,"minecraft:rotten_flesh":1,"minecraft:oak_sapling":1,"minecraft:wooden_shovel":1},"minecraft:crafted":{"minecraft:wooden_sword":1,"minecraft:oak_planks":236,"minecraft:stone_shovel":2,"ecologics:coconut_planks":172,"minecraft:cooked_chicken":1,"another_furniture:oak_table":3,"another_furniture:oak_chair":3,"minecraft:furnace":3,"minecraft:mushroom_stew":13,"decorative_blocks:chandelier":1,"minecraft:stone_pickaxe":5,"woodworks:birch_chest":2,"minecraft:wooden_shovel":1,"vinery:grapevine_stem":16,"minecraft:crafting_table":7,"minecraft:wooden_pickaxe":1,"minecraft:birch_planks":768,"minecraft:stone_axe":3,"minecraft:air":0,"woodworks:oak_chest":3,"byg:palm_planks":36,"everycomp:db/ecologics/coconut_support":3,"minecraft:wooden_hoe":1,"minecraft:stick":74,"shieldexp:wooden_shield":1,"minecraft:wooden_axe":1,"minecraft:stone_sword":1,"environmental:cooked_venison":7,"minecraft:torch":104,"minecraft:birch_stairs":200}},"DataVersion":3120}