{"stats":{"minecraft:picked_up":{"minecraft:birch_log":203,"minecraft:feather":3,"minecraft:chicken":1,"minecraft:andesite":5,"minecraft:birch_planks":1,"biomemakeover:moth_scales":2,"minecraft:oak_log":61,"minecraft:gunpowder":1,"minecraft:dirt":75,"woodworks:oak_chest":1,"byg:palm_sapling":1,"minecraft:wheat_seeds":3,"twigs:pebble":2,"delightful:acorn":4,"vinery:grapevine_stem":2,"twigs:twig":40,"minecraft:birch_sapling":43,"minecraft:oak_planks":3,"ecologics:coconut_slice":2,"ecologics:coconut_seedling":5,"minecraft:gravel":7,"minecraft:birch_stairs":4,"minecraft:sand":2,"minecraft:mossy_cobblestone":3,"environmental:venison":6,"minecraft:rotten_flesh":4,"goodending:pollenflake":1,"ecologics:coconut_log":21,"byg:palm_log":9,"minecraft:oak_sapling":13,"minecraft:coal":14,"goodending:birch_mushroom":1,"alexsmobs:flying_fish":1,"minecraft:cobblestone":116},"minecraft:used":{"minecraft:stone_sword":4,"environmental:cooked_venison":2,"minecraft:birch_planks":329,"minecraft:stone_pickaxe":126,"minecraft:oak_planks":33,"woodworks:oak_chest":3,"minecraft:wooden_pickaxe":29,"minecraft:wooden_shovel":57,"minecraft:dirt":69,"minecraft:crafting_table":4,"minecraft:wooden_axe":66,"vinery:grapevine_stem":1,"buzzier_bees:honey_bread":6,"minecraft:stone_axe":318,"ecologics:coconut_slice":2,"minecraft:wooden_sword":77,"minecraft:furnace":1,"minecraft:birch_log":2,"minecraft:birch_stairs":136,"delightful:acorn":4},"minecraft:broken":{"minecraft:wooden_sword":1,"minecraft:stone_axe":2,"minecraft:wooden_axe":1},"minecraft:custom":{"minecraft:interact_with_furnace":4,"minecraft:mob_kills":10,"minecraft:interact_with_crafting_table":32,"minecraft:leave_game":1,"minecraft:time_since_death":40031,"minecraft:climb_one_cm":300,"minecraft:time_since_rest":40060,"minecraft:sprint_one_cm":141043,"minecraft:damage_taken":1710,"minecraft:walk_one_cm":174561,"minecraft:drop":4,"minecraft:damage_dealt":1446,"twilightforest:life_charms_activated":1,"minecraft:swim_one_cm":13272,"minecraft:fly_one_cm":121946,"minecraft:open_chest":6,"minecraft:crouch_one_cm":19975,"minecraft:play_time":64941,"minecraft:deaths":4,"minecraft:sneak_time":7500,"minecraft:walk_under_water_one_cm":1599,"minecraft:jump":860,"minecraft:walk_on_water_one_cm":3971,"minecraft:total_world_time":64941,"minecraft:fall_one_cm":13006},"minecraft:killed_by":{"minecraft:player":1,"minecraft:creeper":1,"minecraft:drowned":2},"minecraft:crafted":{"minecraft:wooden_sword":1,"minecraft:oak_planks":236,"minecraft:wooden_shovel":1,"vinery:grapevine_stem":4,"minecraft:crafting_table":4,"ecologics:coconut_planks":84,"minecraft:wooden_pickaxe":1,"minecraft:furnace":1,"minecraft:birch_planks":768,"minecraft:stone_axe":3,"woodworks:oak_chest":2,"byg:palm_planks":36,"minecraft:stick":38,"shieldexp:wooden_shield":1,"minecraft:stone_pickaxe":1,"minecraft:wooden_axe":1,"minecraft:stone_sword":1,"environmental:cooked_venison":6,"minecraft:torch":16,"minecraft:birch_stairs":200},"minecraft:killed":{"minecraft:creeper":1,"goodending:woodpecker":1,"minecraft:zombie":5,"minecraft:chicken":1,"biomemakeover:moth":1,"environmental:deer":2},"minecraft:dropped":{"minecraft:birch_sapling":1,"minecraft:rotten_flesh":1,"minecraft:oak_sapling":1,"minecraft:wooden_shovel":1},"minecraft:mined":{"minecraft:birch_stairs":6,"minecraft:mossy_cobblestone":5,"goodending:birch_mushroom":1,"goodending:pollenflake":1,"minecraft:grass_block":19,"woodworks:oak_chest":1,"minecraft:tall_grass":10,"minecraft:cobblestone":4,"ecologics:coconut_log":21,"minecraft:oak_planks":3,"minecraft:birch_planks":4,"byg:palm_log":12,"minecraft:birch_log":203,"minecraft:andesite":5,"minecraft:grass":29,"minecraft:coal_ore":14,"minecraft:oak_log":75,"minecraft:gravel":7,"minecraft:sand":2,"minecraft:dirt":56,"windswept:bluebells":1,"vinery:grapevine_stem":2,"immersive_weathering:ivy":1,"minecraft:stone":115,"immersive_weathering:dark_oak_leaf_pile":1,"minecraft:fern":3,"immersive_weathering:oak_leaf_pile":2}},"DataVersion":3120}