{"stats":{"minecraft:picked_up":{"minecraft:birch_log":2,"minecraft:feather":1,"biomemakeover:moth_scales":2,"minecraft:oak_log":49,"environmental:venison":3,"goodending:pollenflake":1,"minecraft:rotten_flesh":2,"minecraft:wheat_seeds":1,"delightful:acorn":4,"minecraft:oak_sapling":12,"minecraft:birch_sapling":1,"minecraft:oak_planks":1},"minecraft:used":{"minecraft:wooden_axe":66,"minecraft:oak_planks":6,"minecraft:wooden_sword":71,"minecraft:crafting_table":2,"minecraft:birch_log":2,"delightful:acorn":4},"minecraft:broken":{"minecraft:wooden_axe":1},"minecraft:custom":{"minecraft:time_since_rest":4611,"minecraft:sprint_one_cm":42592,"minecraft:damage_taken":880,"minecraft:walk_one_cm":59317,"minecraft:mob_kills":8,"minecraft:drop":3,"minecraft:damage_dealt":1136,"minecraft:swim_one_cm":1332,"minecraft:interact_with_crafting_table":4,"minecraft:fly_one_cm":33484,"minecraft:crouch_one_cm":3154,"minecraft:play_time":16941,"minecraft:deaths":2,"minecraft:sneak_time":1191,"minecraft:walk_under_water_one_cm":265,"minecraft:jump":221,"minecraft:leave_game":1,"minecraft:walk_on_water_one_cm":560,"minecraft:time_since_death":4584,"minecraft:total_world_time":16941,"minecraft:fall_one_cm":5487},"minecraft:killed_by":{"minecraft:player":1,"minecraft:creeper":1},"minecraft:crafted":{"minecraft:wooden_sword":1,"minecraft:oak_planks":196,"minecraft:crafting_table":2,"minecraft:stick":20,"minecraft:wooden_pickaxe":1,"minecraft:wooden_axe":1},"minecraft:killed":{"goodending:woodpecker":1,"minecraft:zombie":5,"biomemakeover:moth":1,"environmental:deer":2},"minecraft:dropped":{"minecraft:birch_sapling":1,"minecraft:oak_sapling":1,"minecraft:rotten_flesh":1},"minecraft:mined":{"goodending:pollenflake":1,"minecraft:grass":11,"minecraft:oak_log":63,"minecraft:tall_grass":8,"minecraft:oak_planks":1,"immersive_weathering:dark_oak_leaf_pile":1,"immersive_weathering:oak_leaf_pile":2}},"DataVersion":3120}