{"stats":{"minecraft:custom":{"minecraft:mob_kills":15,"minecraft:interact_with_crafting_table":46,"minecraft:leave_game":3,"minecraft:time_since_death":99668,"minecraft:climb_one_cm":498,"minecraft:sprint_one_cm":243950,"minecraft:walk_one_cm":378400,"minecraft:drop":4,"minecraft:play_time":124578,"minecraft:deaths":4,"minecraft:sneak_time":13111,"minecraft:walk_under_water_one_cm":7858,"minecraft:jump":2205,"minecraft:walk_on_water_one_cm":19384,"minecraft:total_world_time":124578,"minecraft:interact_with_furnace":8,"minecraft:pot_flower":3,"minecraft:time_since_rest":99697,"minecraft:damage_taken":2255,"minecraft:damage_dealt":2228,"twilightforest:life_charms_activated":1,"minecraft:swim_one_cm":23982,"minecraft:fly_one_cm":261979,"minecraft:open_chest":22,"minecraft:crouch_one_cm":44420,"minecraft:fall_one_cm":26423},"minecraft:killed":{"minecraft:spider":1,"alexsmobs:sugar_glider":1,"minecraft:chicken":3,"biomemakeover:moth":1,"minecraft:creeper":1,"goodending:woodpecker":1,"minecraft:zombie":6,"environmental:deer":2},"minecraft:picked_up":{"minecraft:chicken":3,"minecraft:brown_mushroom":18,"another_furniture:oak_table":2,"minecraft:string":1,"byg:horseweed":6,"woodworks:oak_chest":1,"byg:palm_sapling":1,"minecraft:beetroot":3,"delightful:acorn":4,"twigs:pebble":4,"everycomp:db/ecologics/coconut_support":2,"minecraft:birch_sapling":43,"minecraft:dark_oak_sapling":1,"minecraft:stick":1,"ecologics:coconut_slice":2,"minecraft:torch":6,"ecologics:coconut_seedling":10,"minecraft:carrot":1,"minecraft:rotten_flesh":7,"minecraft:beetroot_seeds":11,"ecologics:coconut_log":43,"byg:palm_log":9,"supplementaries:ash":1,"byg:white_puffball_spores":15,"alexsmobs:flying_fish":1,"minecraft:cobblestone":145,"minecraft:birch_log":203,"decorative_blocks:chandelier":3,"minecraft:feather":7,"minecraft:andesite":5,"ecologics:coconut_planks":5,"minecraft:red_mushroom":8,"minecraft:birch_planks":1,"biomemakeover:moth_scales":2,"minecraft:oak_log":67,"byg:white_puffball_cap":10,"minecraft:gunpowder":1,"windswept:bluebells":3,"minecraft:dirt":158,"minecraft:leather_boots":1,"minecraft:wheat_seeds":7,"vinery:grapevine_stem":7,"twigs:twig":40,"minecraft:oak_planks":10,"minecraft:pumpkin":4,"minecraft:gravel":7,"minecraft:sand":2,"minecraft:birch_stairs":4,"minecraft:mossy_cobblestone":3,"environmental:venison":6,"goodending:pollenflake":1,"minecraft:coal":14,"minecraft:oak_sapling":14,"goodending:birch_mushroom":1},"minecraft:broken":{"minecraft:stone_pickaxe":1,"minecraft:wooden_sword":1,"minecraft:stone_axe":2,"minecraft:wooden_axe":1},"minecraft:killed_by":{"minecraft:player":1,"minecraft:creeper":1,"minecraft:drowned":2},"minecraft:mined":{"ecologics:coconut_planks":7,"minecraft:mossy_cobblestone":5,"goodending:birch_mushroom":1,"goodending:pollenflake":1,"immersive_weathering:birch_leaf_pile":2,"minecraft:grass_block":99,"ecologics:coconut_log":44,"minecraft:red_mushroom":8,"another_furniture:oak_table":2,"minecraft:andesite":5,"minecraft:pumpkin":4,"windswept:bluebells":2,"vinery:grapevine_stem":5,"immersive_weathering:ivy":1,"minecraft:stone":120,"byg:white_puffball":12,"immersive_weathering:oak_leaf_pile":2,"minecraft:birch_stairs":6,"twigs:pebble":2,"minecraft:brown_mushroom":19,"minecraft:cornflower":1,"minecraft:torch":5,"woodworks:oak_chest":1,"everycomp:db/ecologics/coconut_support":2,"minecraft:tall_grass":10,"minecraft:cobblestone":29,"minecraft:oak_planks":12,"farmersdelight:wild_beetroots":12,"farmersdelight:sandy_shrub":1,"minecraft:birch_planks":4,"byg:palm_log":12,"minecraft:birch_log":203,"byg:horseweed":6,"decorative_blocks:chandelier":3,"minecraft:grass":43,"minecraft:oak_log":81,"minecraft:coal_ore":14,"minecraft:dark_oak_sapling":1,"byg:palm_leaves":3,"minecraft:gravel":7,"minecraft:sand":2,"minecraft:dirt":60,"immersive_weathering:dark_oak_leaf_pile":1,"ecologics:coconut_seedling":2,"minecraft:oak_leaves":23,"minecraft:fern":6},"minecraft:used":{"minecraft:beetroot":3,"environmental:cooked_venison":2,"minecraft:stone_sword":83,"minecraft:stone_shovel":72,"woodworks:oak_chest":4,"minecraft:wooden_shovel":57,"ecologics:coconut_planks":110,"minecraft:cooked_chicken":2,"minecraft:torch":18,"minecraft:dirt":151,"minecraft:wooden_axe":66,"windswept:bluebells":2,"vinery:grapevine_stem":13,"buzzier_bees:honey_bread":6,"minecraft:furnace":2,"minecraft:oak_sapling":1,"minecraft:beetroot_seeds":11,"ecologics:coconut_seedling":2,"minecraft:birch_planks":329,"minecraft:stone_pickaxe":157,"minecraft:oak_planks":54,"minecraft:wooden_pickaxe":29,"another_furniture:oak_chair":3,"everycomp:db/ecologics/coconut_support":3,"another_furniture:oak_table":5,"minecraft:crafting_table":6,"minecraft:mushroom_stew":8,"decorative_blocks:chandelier":4,"minecraft:wooden_hoe":14,"minecraft:flower_pot":3,"minecraft:stone_axe":380,"ecologics:coconut_slice":2,"minecraft:wooden_sword":77,"minecraft:cobblestone":64,"minecraft:birch_log":2,"minecraft:andesite":5,"twigs:pebble":4,"byg:palm_sapling":1,"delightful:acorn":4,"minecraft:birch_stairs":136},"minecraft:dropped":{"minecraft:birch_sapling":1,"minecraft:rotten_flesh":1,"minecraft:oak_sapling":1,"minecraft:wooden_shovel":1},"minecraft:crafted":{"minecraft:wooden_sword":1,"minecraft:oak_planks":236,"minecraft:stone_shovel":2,"ecologics:coconut_planks":172,"minecraft:cooked_chicken":1,"another_furniture:oak_table":3,"another_furniture:oak_chair":3,"minecraft:furnace":2,"minecraft:mushroom_stew":8,"decorative_blocks:chandelier":1,"minecraft:stone_pickaxe":2,"minecraft:wooden_shovel":1,"vinery:grapevine_stem":16,"minecraft:crafting_table":7,"minecraft:wooden_pickaxe":1,"minecraft:birch_planks":768,"minecraft:stone_axe":3,"woodworks:oak_chest":3,"byg:palm_planks":36,"everycomp:db/ecologics/coconut_support":3,"minecraft:wooden_hoe":1,"minecraft:stick":58,"shieldexp:wooden_shield":1,"minecraft:wooden_axe":1,"minecraft:stone_sword":1,"environmental:cooked_venison":6,"minecraft:torch":16,"minecraft:birch_stairs":200}},"DataVersion":3120}