{"stats":{"minecraft:picked_up":{"minecraft:birch_log":28,"minecraft:dark_oak_sapling":4,"minecraft:crafting_table":3,"minecraft:azure_bluet":1,"minecraft:porkchop":1,"minecraft:sand":1,"minecraft:dark_oak_log":51,"minecraft:dirt":8,"delightful:acorn":1,"twigs:twig":8,"minecraft:black_wool":2,"minecraft:birch_sapling":2,"minecraft:mutton":6,"minecraft:white_wool":2,"minecraft:cobblestone":26,"minecraft:oxeye_daisy":1},"minecraft:used":{"minecraft:wooden_pickaxe":26,"minecraft:stone_axe":85,"minecraft:crafting_table":2,"minecraft:furnace":1,"delightful:acorn":1},"minecraft:custom":{"minecraft:time_since_rest":15302,"minecraft:interact_with_furnace":5,"minecraft:sprint_one_cm":41766,"minecraft:damage_taken":245,"minecraft:walk_one_cm":18443,"minecraft:mob_kills":5,"minecraft:drop":1,"minecraft:damage_dealt":420,"minecraft:swim_one_cm":1351,"minecraft:interact_with_crafting_table":5,"minecraft:fly_one_cm":39015,"minecraft:crouch_one_cm":297,"minecraft:play_time":28908,"minecraft:deaths":1,"minecraft:sneak_time":87,"minecraft:walk_under_water_one_cm":447,"minecraft:jump":210,"minecraft:walk_on_water_one_cm":1366,"minecraft:time_since_death":4102,"minecraft:total_world_time":28908,"minecraft:fall_one_cm":5585},"minecraft:killed_by":{"minecraft:zombie":1},"minecraft:crafted":{"minecraft:charcoal":1,"minecraft:stick":4,"minecraft:wooden_pickaxe":1,"minecraft:furnace":1,"minecraft:dark_oak_planks":16,"immersive_weathering:charred_planks":1,"minecraft:stone_axe":1,"minecraft:air":0},"minecraft:killed":{"minecraft:sheep":4,"minecraft:pig":1},"minecraft:dropped":{"minecraft:oxeye_daisy":1},"minecraft:mined":{"minecraft:birch_log":28,"minecraft:dark_oak_log":51,"minecraft:azure_bluet":1,"minecraft:crafting_table":3,"minecraft:grass":2,"minecraft:grass_block":3,"minecraft:dirt":5,"minecraft:sand":1,"minecraft:stone":26,"minecraft:oxeye_daisy":1,"immersive_weathering:dark_oak_leaf_pile":1}},"DataVersion":3120}