{"stats":{"minecraft:crafted":{"minecraft:wooden_sword":1,"minecraft:stone_shovel":2,"usefulbackpacks:backpack_small":1,"minecraft:furnace":1,"minecraft:cooked_mutton":6,"minecraft:flint_and_steel":1,"minecraft:stone_pickaxe":1,"minecraft:dark_oak_planks":32,"immersive_weathering:charred_planks":1,"minecraft:cooked_porkchop":34,"minecraft:crafting_table":3,"minecraft:spruce_planks":8,"minecraft:wooden_pickaxe":2,"minecraft:bucket":1,"minecraft:birch_planks":60,"ecologics:sandcastle":1,"minecraft:stone_axe":3,"minecraft:air":0,"minecraft:white_wool":2,"minecraft:charcoal":4,"minecraft:stick":72,"minecraft:wooden_axe":1,"minecraft:stone_sword":1},"minecraft:custom":{"minecraft:mob_kills":79,"minecraft:interact_with_crafting_table":20,"minecraft:open_barrel":9,"minecraft:leave_game":1,"minecraft:time_since_death":9813,"minecraft:climb_one_cm":6899,"minecraft:sprint_one_cm":566614,"minecraft:walk_one_cm":290606,"minecraft:drop":63,"minecraft:talked_to_villager":3,"minecraft:play_time":172889,"minecraft:deaths":12,"minecraft:sneak_time":2004,"minecraft:walk_under_water_one_cm":13614,"minecraft:jump":3252,"minecraft:interact_with_blast_furnace":1,"minecraft:walk_on_water_one_cm":20946,"minecraft:total_world_time":172889,"minecraft:interact_with_furnace":14,"minecraft:sleep_in_bed":5,"minecraft:time_since_rest":9843,"minecraft:damage_taken":5665,"minecraft:damage_dealt":12797,"minecraft:swim_one_cm":80856,"minecraft:fly_one_cm":673324,"minecraft:open_chest":34,"minecraft:crouch_one_cm":5015,"minecraft:fall_one_cm":75684,"minecraft:horse_one_cm":41557},"minecraft:dropped":{"minecraft:bread":6,"minecraft:porkchop":1,"minecraft:wheat_seeds":2,"minecraft:dark_oak_sapling":3,"minecraft:crossbow":1,"minecraft:cobblestone":10,"minecraft:feather":1,"ecologics:crab_claw":3,"delightful:mini_melon":7,"minecraft:leather_helmet":1,"environmental:venison":3,"minecraft:oxeye_daisy":1,"twigs:pebble":2,"minecraft:dirt":5,"minecraft:grass":1,"byg:pink_allium_flower_bush":2,"goodending:pollenflake":1,"minecraft:wooden_axe":1,"minecraft:gold_nugget":4,"minecraft:wooden_sword":1,"goodending:pastel_wildflowers":1,"minecraft:stone_axe":1,"byg:subzero_ash_block":3,"minecraft:raw_copper":2,"minecraft:rotten_flesh":5,"byg:tall_allium":1,"farmersdelight:straw":2,"galosphere:silver_nugget":19,"minecraft:peony":2,"immersive_weathering:charred_planks":1,"minecraft:andesite":1,"minecraft:oak_sapling":6,"minecraft:andesite_stairs":1,"minecraft:brown_carpet":4,"byg:tall_pink_allium":3,"minecraft:wooden_pickaxe":1,"minecraft:stone_brick_stairs":1},"minecraft:broken":{"minecraft:stone_sword":1,"minecraft:stone_axe":1},"minecraft:mined":{"goodending:pastel_wildflowers":1,"minecraft:andesite_stairs":2,"minecraft:dark_oak_log":55,"goodending:pollenflake":1,"byg:pink_allium_flower_bush":2,"minecraft:grass_block":27,"minecraft:oxeye_daisy":1,"minecraft:spawner":1,"minecraft:glowstone":5,"minecraft:iron_ore":2,"minecraft:fire":1,"minecraft:barrel":1,"minecraft:andesite":1,"minecraft:azure_bluet":1,"minecraft:peony":1,"minecraft:brown_bed":5,"minecraft:potatoes":2,"supplementaries:stick":1,"farmersdelight:rope":1,"minecraft:dirt_path":6,"minecraft:stone":99,"twigs:opaline_seashell":2,"minecraft:podzol":15,"minecraft:smithing_table":1,"minecraft:birch_stairs":2,"twigs:pebble":2,"minecraft:lily_of_the_valley":1,"minecraft:brown_carpet":2,"minecraft:crafting_table":5,"minecraft:blast_furnace":2,"vinery:red_grape_bush":5,"minecraft:tall_grass":3,"minecraft:birch_wood":1,"minecraft:copper_ore":1,"minecraft:cobblestone":21,"minecraft:sugar_cane":14,"minecraft:spruce_stairs":2,"ecologics:seashell":1,"minecraft:birch_log":42,"farmersdelight:cutting_board":1,"minecraft:spruce_log":2,"byg:leaf_pile":2,"byg:subzero_ash_block":1,"minecraft:stone_brick_stairs":1,"minecraft:grass":43,"minecraft:oak_log":27,"minecraft:coal_ore":11,"delightful:mini_melon":7,"minecraft:dark_oak_sapling":1,"minecraft:gravel":5,"minecraft:sand":6,"minecraft:dirt":64,"byg:tall_pink_allium":4,"minecraft:cobweb":11,"byg:tall_allium":3,"immersive_weathering:dark_oak_leaf_pile":1,"minecraft:fern":5},"minecraft:killed_by":{"minecraft:creeper":1,"minecraft:pillager":2,"alexsmobs:bison":1,"minecraft:vindicator":5,"minecraft:skeleton":1,"minecraft:zombie":1,"alexsmobs:grizzly_bear":1},"minecraft:used":{"ecologics:sandcastle":1,"ecologics:crab_claw":2,"environmental:cooked_venison":4,"minecraft:stone_sword":125,"minecraft:flint_and_steel":1,"minecraft:stone_shovel":72,"minecraft:spruce_planks":8,"minecraft:stick":1,"minecraft:dirt":77,"farmersdelight:flint_knife":21,"farmersdelight:rope":1,"minecraft:wooden_axe":3,"neapolitan:strawberry_scones":6,"minecraft:lava_bucket":9,"minecraft:bow":13,"minecraft:beef":2,"minecraft:furnace":1,"minecraft:cooked_beef":1,"minecraft:brown_bed":3,"minecraft:dark_oak_sapling":2,"minecraft:cooked_mutton":6,"minecraft:water_bucket":26,"minecraft:birch_planks":19,"minecraft:stone_pickaxe":120,"minecraft:wooden_pickaxe":40,"minecraft:sand":1,"minecraft:crafting_table":8,"minecraft:blast_furnace":1,"minecraft:crossbow":1,"minecraft:apple":1,"byg:tall_allium":1,"minecraft:gravel":4,"minecraft:stone_axe":231,"minecraft:wooden_sword":5,"minecraft:cobblestone":66,"minecraft:cooked_porkchop":22,"minecraft:bucket":36,"twigs:pebble":2,"delightful:acorn":4},"minecraft:killed":{"alexsmobs:raccoon":2,"minecraft:vindicator":7,"minecraft:spider":3,"alexsmobs:sugar_glider":1,"minecraft:horse":2,"hunterillager:hunterillager":4,"savage_and_ravage:griefer":1,"minecraft:llama":1,"ecologics:coconut_crab":2,"savage_and_ravage:creepie":1,"minecraft:piglin":1,"minecraft:pig":18,"minecraft:sheep":4,"minecraft:pillager":22,"minecraft:zombie":4,"environmental:deer":2,"minecraft:cow":4},"minecraft:picked_up":{"minecraft:mud":2,"minecraft:crafting_table":5,"minecraft:azure_bluet":1,"minecraft:smithing_table":1,"byg:tall_pink_allium":3,"ecologics:seashell":1,"minecraft:wooden_pickaxe":1,"vinery:red_grape_seeds":10,"minecraft:brown_bed":6,"minecraft:stone_brick_stairs":1,"byg:subzero_ash_block":3,"aether:leather_gloves":1,"goodending:pastel_wildflowers":1,"minecraft:string":11,"minecraft:iron_axe":1,"minecraft:raw_copper":2,"spirit:broken_spawner":1,"twigs:opaline_seashell":2,"minecraft:gold_nugget":4,"twigs:pebble":6,"delightful:acorn":3,"byg:pink_allium_flower_bush":2,"minecraft:beef":9,"minecraft:andesite_stairs":2,"farmersdelight:straw":3,"minecraft:sugar_cane":27,"minecraft:birch_sapling":2,"ecologics:crab_claw":2,"minecraft:golden_helmet":1,"minecraft:dark_oak_sapling":5,"minecraft:stick":1,"minecraft:raw_iron":2,"ecologics:coconut_slice":10,"minecraft:spruce_stairs":2,"minecraft:porkchop":32,"minecraft:brown_carpet":4,"minecraft:arrow":23,"minecraft:rotten_flesh":6,"minecraft:peony":2,"farmersdelight:rope":1,"minecraft:mutton":6,"minecraft:white_wool":2,"minecraft:cobblestone":124,"minecraft:oxeye_daisy":1,"minecraft:birch_log":40,"delightful:animal_fat":5,"minecraft:andesite":1,"minecraft:leather":6,"minecraft:potato":4,"minecraft:flint":1,"minecraft:oak_log":26,"farmersdelight:flint_knife":1,"minecraft:dirt":115,"minecraft:apple":2,"delightful:mini_melon":7,"minecraft:wheat_seeds":1,"minecraft:birch_wood":1,"minecraft:glowstone_dust":15,"twigs:twig":13,"minecraft:birch_stairs":1,"minecraft:gravel":4,"minecraft:sand":6,"minecraft:blast_furnace":2,"minecraft:spruce_log":2,"minecraft:lily_of_the_valley":1,"minecraft:barrel":1,"minecraft:dark_oak_log":55,"galosphere:silver_nugget":26,"environmental:venison":6,"minecraft:stone_axe":1,"minecraft:chainmail_leggings":1,"byg:tall_allium":2,"minecraft:crossbow":3,"minecraft:grass":1,"minecraft:emerald":4,"minecraft:oak_sapling":3,"minecraft:black_wool":2,"minecraft:coal":11}},"DataVersion":3120}