{"stats":{"minecraft:custom":{"minecraft:interact_with_furnace":11,"minecraft:mob_kills":31,"minecraft:interact_with_crafting_table":12,"minecraft:open_barrel":1,"minecraft:time_since_death":15823,"minecraft:climb_one_cm":1698,"minecraft:time_since_rest":15853,"minecraft:sprint_one_cm":299123,"minecraft:damage_taken":1485,"minecraft:walk_one_cm":119439,"minecraft:drop":24,"minecraft:damage_dealt":4377,"minecraft:swim_one_cm":55909,"minecraft:fly_one_cm":365375,"minecraft:open_chest":4,"minecraft:crouch_one_cm":1618,"minecraft:play_time":81982,"minecraft:deaths":4,"minecraft:sneak_time":479,"minecraft:walk_under_water_one_cm":8784,"minecraft:jump":1647,"minecraft:walk_on_water_one_cm":14836,"minecraft:total_world_time":81982,"minecraft:fall_one_cm":34721},"minecraft:killed":{"minecraft:pig":10,"alexsmobs:raccoon":2,"alexsmobs:sugar_glider":1,"minecraft:sheep":4,"minecraft:horse":2,"hunterillager:hunterillager":3,"minecraft:zombie":1,"ecologics:coconut_crab":2,"environmental:deer":2,"minecraft:cow":4},"minecraft:picked_up":{"minecraft:birch_log":28,"minecraft:crafting_table":5,"minecraft:azure_bluet":1,"minecraft:leather":6,"byg:tall_pink_allium":2,"ecologics:seashell":1,"minecraft:wooden_pickaxe":1,"vinery:red_grape_seeds":10,"minecraft:brown_bed":2,"minecraft:oak_log":26,"minecraft:string":1,"minecraft:dirt":14,"twigs:opaline_seashell":2,"minecraft:apple":2,"delightful:mini_melon":7,"minecraft:wheat_seeds":1,"twigs:pebble":4,"delightful:acorn":3,"byg:pink_allium_flower_bush":2,"minecraft:beef":7,"minecraft:sugar_cane":25,"twigs:twig":13,"minecraft:birch_sapling":2,"ecologics:crab_claw":2,"minecraft:dark_oak_sapling":5,"ecologics:coconut_slice":10,"minecraft:porkchop":17,"minecraft:sand":6,"minecraft:dark_oak_log":55,"minecraft:brown_carpet":4,"environmental:venison":3,"minecraft:arrow":3,"minecraft:stone_axe":1,"byg:tall_allium":2,"minecraft:grass":1,"minecraft:emerald":1,"minecraft:oak_sapling":3,"minecraft:black_wool":2,"minecraft:mutton":6,"minecraft:white_wool":2,"minecraft:cobblestone":93,"minecraft:oxeye_daisy":1},"minecraft:broken":{"minecraft:stone_axe":1},"minecraft:killed_by":{"minecraft:skeleton":1,"minecraft:creeper":1,"minecraft:zombie":1,"alexsmobs:bison":1},"minecraft:mined":{"twigs:pebble":2,"minecraft:brown_carpet":2,"minecraft:dark_oak_log":55,"minecraft:crafting_table":5,"byg:pink_allium_flower_bush":2,"vinery:red_grape_bush":5,"minecraft:grass_block":7,"minecraft:cobblestone":1,"minecraft:sugar_cane":12,"minecraft:oxeye_daisy":1,"ecologics:seashell":1,"minecraft:birch_log":28,"byg:leaf_pile":1,"minecraft:azure_bluet":1,"minecraft:peony":1,"minecraft:brown_bed":2,"minecraft:grass":24,"minecraft:oak_log":27,"delightful:mini_melon":7,"minecraft:dark_oak_sapling":1,"minecraft:sand":6,"minecraft:dirt":8,"byg:tall_pink_allium":3,"minecraft:cobweb":1,"minecraft:stone":92,"byg:tall_allium":3,"immersive_weathering:dark_oak_leaf_pile":1,"twigs:opaline_seashell":2,"minecraft:fern":2},"minecraft:used":{"minecraft:cooked_mutton":6,"ecologics:sandcastle":1,"ecologics:crab_claw":2,"environmental:cooked_venison":4,"minecraft:stone_sword":52,"minecraft:stone_pickaxe":66,"minecraft:stone_shovel":6,"minecraft:wooden_pickaxe":35,"minecraft:sand":1,"minecraft:dirt":3,"minecraft:crafting_table":4,"minecraft:wooden_axe":3,"minecraft:apple":1,"byg:tall_allium":1,"minecraft:stone_axe":150,"minecraft:cobblestone":4,"minecraft:wooden_sword":5,"minecraft:beef":2,"minecraft:furnace":1,"twigs:pebble":2,"minecraft:dark_oak_sapling":2,"delightful:acorn":4},"minecraft:dropped":{"minecraft:stone_axe":1,"minecraft:wheat_seeds":2,"minecraft:dark_oak_sapling":3,"byg:tall_allium":1,"ecologics:crab_claw":3,"twigs:pebble":2,"minecraft:oxeye_daisy":1,"minecraft:grass":1,"byg:pink_allium_flower_bush":2,"goodending:pollenflake":1,"immersive_weathering:charred_planks":1,"minecraft:wooden_axe":1,"minecraft:oak_sapling":6,"minecraft:brown_carpet":4,"minecraft:wooden_sword":1,"byg:tall_pink_allium":2,"minecraft:wooden_pickaxe":1},"minecraft:crafted":{"minecraft:wooden_sword":1,"minecraft:stone_shovel":1,"minecraft:cooked_porkchop":15,"minecraft:crafting_table":1,"minecraft:wooden_pickaxe":1,"minecraft:furnace":1,"ecologics:sandcastle":1,"minecraft:stone_axe":2,"minecraft:cooked_mutton":6,"minecraft:air":0,"minecraft:charcoal":4,"minecraft:stick":36,"minecraft:stone_pickaxe":1,"minecraft:wooden_axe":1,"minecraft:stone_sword":1,"minecraft:dark_oak_planks":32,"immersive_weathering:charred_planks":1}},"DataVersion":3120}