{"stats":{"minecraft:custom":{"minecraft:mob_kills":41,"minecraft:interact_with_crafting_table":15,"minecraft:open_barrel":9,"minecraft:time_since_death":63823,"minecraft:climb_one_cm":6475,"minecraft:sprint_one_cm":439056,"minecraft:walk_one_cm":204943,"minecraft:drop":40,"minecraft:play_time":129982,"minecraft:deaths":4,"minecraft:sneak_time":1191,"minecraft:walk_under_water_one_cm":12150,"minecraft:jump":2501,"minecraft:walk_on_water_one_cm":19996,"minecraft:total_world_time":129982,"minecraft:interact_with_furnace":14,"minecraft:sleep_in_bed":3,"minecraft:time_since_rest":9549,"minecraft:damage_taken":2606,"minecraft:damage_dealt":5982,"minecraft:fly_one_cm":517732,"minecraft:swim_one_cm":78515,"minecraft:open_chest":16,"minecraft:crouch_one_cm":2885,"minecraft:fall_one_cm":58814,"minecraft:horse_one_cm":17085},"minecraft:killed":{"alexsmobs:raccoon":2,"minecraft:spider":3,"alexsmobs:sugar_glider":1,"minecraft:horse":2,"hunterillager:hunterillager":4,"savage_and_ravage:griefer":1,"ecologics:coconut_crab":2,"savage_and_ravage:creepie":1,"minecraft:piglin":1,"minecraft:pig":10,"minecraft:sheep":4,"minecraft:zombie":4,"environmental:deer":2,"minecraft:cow":4},"minecraft:picked_up":{"minecraft:mud":2,"minecraft:crafting_table":5,"minecraft:azure_bluet":1,"byg:tall_pink_allium":3,"minecraft:smithing_table":1,"ecologics:seashell":1,"minecraft:wooden_pickaxe":1,"vinery:red_grape_seeds":10,"minecraft:brown_bed":6,"minecraft:stone_brick_stairs":1,"byg:subzero_ash_block":3,"aether:leather_gloves":1,"minecraft:string":11,"minecraft:raw_copper":2,"spirit:broken_spawner":1,"twigs:opaline_seashell":2,"minecraft:gold_nugget":4,"delightful:acorn":3,"twigs:pebble":6,"byg:pink_allium_flower_bush":2,"minecraft:beef":9,"minecraft:andesite_stairs":2,"minecraft:sugar_cane":27,"minecraft:birch_sapling":2,"ecologics:crab_claw":2,"minecraft:dark_oak_sapling":5,"minecraft:raw_iron":2,"ecologics:coconut_slice":10,"minecraft:spruce_stairs":2,"minecraft:porkchop":17,"minecraft:brown_carpet":4,"minecraft:arrow":6,"minecraft:peony":2,"minecraft:mutton":6,"minecraft:oxeye_daisy":1,"minecraft:cobblestone":106,"minecraft:white_wool":2,"minecraft:birch_log":28,"minecraft:andesite":1,"minecraft:leather":6,"minecraft:flint":1,"minecraft:oak_log":26,"minecraft:dirt":29,"minecraft:apple":2,"delightful:mini_melon":7,"minecraft:wheat_seeds":1,"minecraft:glowstone_dust":15,"twigs:twig":13,"minecraft:gravel":4,"minecraft:sand":6,"minecraft:blast_furnace":1,"minecraft:dark_oak_log":55,"minecraft:barrel":1,"environmental:venison":3,"minecraft:stone_axe":1,"byg:tall_allium":2,"minecraft:grass":1,"minecraft:emerald":1,"minecraft:oak_sapling":3,"minecraft:black_wool":2,"minecraft:coal":11},"minecraft:broken":{"minecraft:stone_axe":1},"minecraft:killed_by":{"minecraft:creeper":1,"alexsmobs:bison":1,"minecraft:skeleton":1,"minecraft:zombie":1},"minecraft:mined":{"minecraft:andesite_stairs":2,"minecraft:dark_oak_log":55,"byg:pink_allium_flower_bush":2,"minecraft:grass_block":11,"minecraft:oxeye_daisy":1,"minecraft:spawner":1,"minecraft:glowstone":5,"minecraft:iron_ore":2,"minecraft:fire":1,"minecraft:barrel":1,"minecraft:andesite":1,"minecraft:peony":1,"minecraft:azure_bluet":1,"minecraft:brown_bed":5,"minecraft:stone":94,"twigs:opaline_seashell":2,"minecraft:smithing_table":1,"twigs:pebble":2,"minecraft:brown_carpet":2,"minecraft:crafting_table":5,"minecraft:blast_furnace":1,"vinery:red_grape_bush":5,"minecraft:copper_ore":1,"minecraft:cobblestone":18,"minecraft:sugar_cane":14,"minecraft:spruce_stairs":2,"ecologics:seashell":1,"minecraft:birch_log":28,"byg:leaf_pile":1,"byg:subzero_ash_block":1,"minecraft:stone_brick_stairs":1,"minecraft:grass":36,"minecraft:coal_ore":11,"minecraft:oak_log":27,"delightful:mini_melon":7,"minecraft:dark_oak_sapling":1,"minecraft:gravel":5,"minecraft:dirt":8,"minecraft:sand":6,"byg:tall_pink_allium":4,"minecraft:cobweb":11,"byg:tall_allium":3,"immersive_weathering:dark_oak_leaf_pile":1,"minecraft:fern":3},"minecraft:used":{"ecologics:sandcastle":1,"minecraft:stone_sword":97,"environmental:cooked_venison":4,"ecologics:crab_claw":2,"minecraft:flint_and_steel":1,"minecraft:stone_shovel":15,"minecraft:dirt":12,"minecraft:wooden_axe":3,"minecraft:lava_bucket":9,"minecraft:bow":4,"minecraft:beef":2,"minecraft:furnace":1,"minecraft:brown_bed":3,"minecraft:dark_oak_sapling":2,"minecraft:cooked_mutton":6,"minecraft:water_bucket":26,"minecraft:stone_pickaxe":116,"minecraft:wooden_pickaxe":35,"minecraft:sand":1,"minecraft:crafting_table":6,"minecraft:apple":1,"byg:tall_allium":1,"minecraft:gravel":4,"minecraft:stone_axe":154,"minecraft:wooden_sword":5,"minecraft:cobblestone":49,"minecraft:cooked_porkchop":16,"minecraft:bucket":36,"twigs:pebble":2,"delightful:acorn":4},"minecraft:dropped":{"minecraft:wheat_seeds":2,"minecraft:dark_oak_sapling":3,"minecraft:feather":1,"ecologics:crab_claw":3,"minecraft:oxeye_daisy":1,"twigs:pebble":2,"byg:pink_allium_flower_bush":2,"minecraft:grass":1,"goodending:pollenflake":1,"minecraft:wooden_axe":1,"minecraft:wooden_sword":1,"minecraft:gold_nugget":4,"minecraft:stone_axe":1,"byg:subzero_ash_block":3,"minecraft:raw_copper":2,"byg:tall_allium":1,"minecraft:peony":2,"immersive_weathering:charred_planks":1,"minecraft:andesite":1,"minecraft:oak_sapling":6,"minecraft:andesite_stairs":1,"minecraft:brown_carpet":4,"byg:tall_pink_allium":3,"minecraft:wooden_pickaxe":1,"minecraft:stone_brick_stairs":1},"minecraft:crafted":{"minecraft:wooden_sword":1,"minecraft:stone_shovel":1,"usefulbackpacks:backpack_small":1,"minecraft:furnace":1,"minecraft:cooked_mutton":6,"minecraft:flint_and_steel":1,"minecraft:stone_pickaxe":1,"minecraft:dark_oak_planks":32,"immersive_weathering:charred_planks":1,"minecraft:cooked_porkchop":34,"minecraft:crafting_table":1,"minecraft:wooden_pickaxe":1,"minecraft:bucket":1,"ecologics:sandcastle":1,"minecraft:stone_axe":2,"minecraft:air":0,"minecraft:white_wool":2,"minecraft:charcoal":4,"minecraft:stick":40,"minecraft:wooden_axe":1,"minecraft:stone_sword":1}},"DataVersion":3120}