{"stats":{"minecraft:picked_up":{"minecraft:birch_log":28,"minecraft:dark_oak_sapling":4,"minecraft:crafting_table":3,"minecraft:porkchop":1,"minecraft:sand":1,"minecraft:dark_oak_log":51,"minecraft:dirt":8,"delightful:acorn":1,"twigs:twig":8,"minecraft:black_wool":2,"minecraft:birch_sapling":2,"minecraft:mutton":6,"minecraft:white_wool":2,"minecraft:cobblestone":26},"minecraft:used":{"minecraft:wooden_pickaxe":26,"minecraft:stone_axe":85,"minecraft:crafting_table":2,"delightful:acorn":1},"minecraft:custom":{"minecraft:time_since_rest":3302,"minecraft:sprint_one_cm":21890,"minecraft:damage_taken":225,"minecraft:walk_one_cm":14124,"minecraft:mob_kills":5,"minecraft:damage_dealt":420,"minecraft:interact_with_crafting_table":4,"minecraft:fly_one_cm":18978,"minecraft:crouch_one_cm":297,"minecraft:play_time":16908,"minecraft:deaths":1,"minecraft:sneak_time":85,"minecraft:jump":130,"minecraft:time_since_death":0,"minecraft:total_world_time":16908,"minecraft:fall_one_cm":2415},"minecraft:killed_by":{"minecraft:zombie":1},"minecraft:crafted":{"minecraft:stick":4,"minecraft:wooden_pickaxe":1,"minecraft:dark_oak_planks":16,"minecraft:stone_axe":1},"minecraft:killed":{"minecraft:sheep":4,"minecraft:pig":1},"minecraft:mined":{"minecraft:birch_log":28,"minecraft:dark_oak_log":51,"minecraft:crafting_table":3,"minecraft:grass_block":3,"minecraft:dirt":5,"minecraft:sand":1,"minecraft:stone":26,"immersive_weathering:dark_oak_leaf_pile":1}},"DataVersion":3120}