{"stats":{"minecraft:custom":{"minecraft:interact_with_furnace":14,"minecraft:mob_kills":37,"minecraft:interact_with_crafting_table":13,"minecraft:open_barrel":9,"minecraft:time_since_death":27823,"minecraft:sleep_in_bed":1,"minecraft:climb_one_cm":4339,"minecraft:time_since_rest":10458,"minecraft:sprint_one_cm":329041,"minecraft:damage_taken":2070,"minecraft:walk_one_cm":141722,"minecraft:drop":28,"minecraft:damage_dealt":5585,"minecraft:swim_one_cm":55909,"minecraft:fly_one_cm":382649,"minecraft:open_chest":13,"minecraft:crouch_one_cm":2369,"minecraft:play_time":93982,"minecraft:deaths":4,"minecraft:sneak_time":737,"minecraft:walk_under_water_one_cm":8784,"minecraft:jump":1796,"minecraft:walk_on_water_one_cm":14836,"minecraft:total_world_time":93982,"minecraft:fall_one_cm":37934},"minecraft:killed":{"minecraft:pig":10,"alexsmobs:raccoon":2,"minecraft:spider":2,"alexsmobs:sugar_glider":1,"minecraft:sheep":4,"minecraft:horse":2,"hunterillager:hunterillager":4,"minecraft:zombie":4,"ecologics:coconut_crab":2,"environmental:deer":2,"minecraft:cow":4},"minecraft:picked_up":{"minecraft:birch_log":28,"minecraft:crafting_table":5,"minecraft:azure_bluet":1,"minecraft:smithing_table":1,"minecraft:leather":6,"byg:tall_pink_allium":2,"ecologics:seashell":1,"minecraft:wooden_pickaxe":1,"vinery:red_grape_seeds":10,"minecraft:brown_bed":4,"minecraft:oak_log":26,"aether:leather_gloves":1,"minecraft:string":11,"minecraft:dirt":14,"spirit:broken_spawner":1,"twigs:opaline_seashell":2,"minecraft:apple":2,"delightful:mini_melon":7,"minecraft:wheat_seeds":1,"minecraft:gold_nugget":4,"twigs:pebble":4,"delightful:acorn":3,"minecraft:andesite_stairs":1,"byg:pink_allium_flower_bush":2,"minecraft:beef":9,"minecraft:sugar_cane":25,"twigs:twig":13,"minecraft:birch_sapling":2,"ecologics:crab_claw":2,"minecraft:dark_oak_sapling":5,"ecologics:coconut_slice":10,"minecraft:spruce_stairs":2,"minecraft:porkchop":17,"minecraft:sand":6,"minecraft:barrel":1,"minecraft:dark_oak_log":55,"minecraft:brown_carpet":4,"environmental:venison":3,"minecraft:arrow":6,"minecraft:stone_axe":1,"byg:tall_allium":2,"minecraft:grass":1,"minecraft:emerald":1,"minecraft:oak_sapling":3,"minecraft:black_wool":2,"minecraft:mutton":6,"minecraft:white_wool":2,"minecraft:cobblestone":97,"minecraft:oxeye_daisy":1},"minecraft:broken":{"minecraft:stone_axe":1},"minecraft:killed_by":{"minecraft:skeleton":1,"minecraft:creeper":1,"minecraft:zombie":1,"alexsmobs:bison":1},"minecraft:mined":{"minecraft:smithing_table":1,"twigs:pebble":2,"minecraft:andesite_stairs":2,"minecraft:brown_carpet":2,"minecraft:dark_oak_log":55,"minecraft:crafting_table":5,"byg:pink_allium_flower_bush":2,"vinery:red_grape_bush":5,"minecraft:grass_block":7,"minecraft:cobblestone":3,"minecraft:sugar_cane":12,"minecraft:oxeye_daisy":1,"minecraft:spawner":1,"minecraft:spruce_stairs":2,"ecologics:seashell":1,"minecraft:barrel":1,"minecraft:birch_log":28,"minecraft:andesite":1,"byg:leaf_pile":1,"minecraft:stone_brick_stairs":1,"minecraft:azure_bluet":1,"minecraft:peony":1,"minecraft:brown_bed":4,"minecraft:grass":24,"minecraft:oak_log":27,"delightful:mini_melon":7,"minecraft:dark_oak_sapling":1,"minecraft:sand":6,"minecraft:dirt":8,"byg:tall_pink_allium":3,"minecraft:cobweb":11,"minecraft:stone":93,"byg:tall_allium":3,"immersive_weathering:dark_oak_leaf_pile":1,"twigs:opaline_seashell":2,"minecraft:fern":2},"minecraft:used":{"minecraft:cooked_mutton":6,"ecologics:sandcastle":1,"ecologics:crab_claw":2,"environmental:cooked_venison":4,"minecraft:stone_sword":89,"minecraft:stone_pickaxe":76,"minecraft:stone_shovel":6,"minecraft:wooden_pickaxe":35,"minecraft:sand":1,"minecraft:dirt":3,"minecraft:crafting_table":5,"minecraft:wooden_axe":3,"minecraft:apple":1,"byg:tall_allium":1,"minecraft:stone_axe":154,"minecraft:cobblestone":15,"minecraft:wooden_sword":5,"minecraft:beef":2,"minecraft:cooked_porkchop":7,"minecraft:furnace":1,"minecraft:brown_bed":1,"twigs:pebble":2,"minecraft:dark_oak_sapling":2,"delightful:acorn":4},"minecraft:dropped":{"minecraft:stone_axe":1,"minecraft:wheat_seeds":2,"minecraft:dark_oak_sapling":3,"byg:tall_allium":1,"ecologics:crab_claw":3,"twigs:pebble":2,"minecraft:oxeye_daisy":1,"minecraft:grass":1,"byg:pink_allium_flower_bush":2,"goodending:pollenflake":1,"immersive_weathering:charred_planks":1,"minecraft:wooden_axe":1,"minecraft:gold_nugget":4,"minecraft:oak_sapling":6,"minecraft:brown_carpet":4,"minecraft:wooden_sword":1,"byg:tall_pink_allium":2,"minecraft:wooden_pickaxe":1},"minecraft:crafted":{"minecraft:wooden_sword":1,"minecraft:stone_shovel":1,"minecraft:cooked_porkchop":34,"minecraft:crafting_table":1,"minecraft:wooden_pickaxe":1,"usefulbackpacks:backpack_small":1,"minecraft:furnace":1,"ecologics:sandcastle":1,"minecraft:stone_axe":2,"minecraft:cooked_mutton":6,"minecraft:air":0,"minecraft:white_wool":2,"minecraft:charcoal":4,"minecraft:stick":40,"minecraft:stone_pickaxe":1,"minecraft:wooden_axe":1,"minecraft:stone_sword":1,"minecraft:dark_oak_planks":32,"immersive_weathering:charred_planks":1}},"DataVersion":3120}