{"stats":{"minecraft:picked_up":{"minecraft:crafting_table":2,"minecraft:sand":1,"minecraft:dark_oak_log":4,"minecraft:dirt":8,"minecraft:cobblestone":13},"minecraft:used":{"minecraft:crafting_table":2,"minecraft:wooden_pickaxe":13},"minecraft:custom":{"minecraft:time_since_rest":4908,"minecraft:crouch_one_cm":61,"minecraft:play_time":4908,"minecraft:sprint_one_cm":15634,"minecraft:walk_one_cm":6751,"minecraft:sneak_time":27,"minecraft:jump":67,"minecraft:time_since_death":4908,"minecraft:total_world_time":4908,"minecraft:fall_one_cm":1312,"minecraft:interact_with_crafting_table":4,"minecraft:fly_one_cm":14375},"minecraft:crafted":{"minecraft:dark_oak_planks":16,"minecraft:stick":4,"minecraft:wooden_pickaxe":1},"minecraft:mined":{"minecraft:grass_block":3,"minecraft:sand":1,"minecraft:dirt":5,"minecraft:stone":13,"minecraft:dark_oak_log":4,"immersive_weathering:dark_oak_leaf_pile":1,"minecraft:crafting_table":2}},"DataVersion":3120}