{"stats":{"minecraft:custom":{"minecraft:jump":6,"minecraft:time_since_rest":23764,"minecraft:damage_taken":555,"minecraft:leave_game":5,"minecraft:crouch_one_cm":149,"minecraft:play_time":25214,"minecraft:time_since_death":0,"minecraft:walk_one_cm":2174,"minecraft:walk_on_water_one_cm":1188,"minecraft:deaths":2,"minecraft:sneak_time":60,"minecraft:total_world_time":25214,"minecraft:walk_under_water_one_cm":1662,"minecraft:swim_one_cm":1958,"minecraft:drop":1,"minecraft:fly_one_cm":391},"minecraft:picked_up":{"ftbquests:book":1},"minecraft:killed_by":{"minecraft:zombie":2},"minecraft:dropped":{"ftbquests:book":1}},"DataVersion":3120}