{"stats":{"minecraft:crafted":{"minecraft:wooden_sword":2,"minecraft:crafting_table":2,"minecraft:stick":16,"shieldexp:wooden_shield":1,"minecraft:wooden_pickaxe":3,"minecraft:stone_pickaxe":1,"minecraft:wooden_axe":7,"minecraft:dark_oak_planks":168,"minecraft:birch_planks":20,"minecraft:air":0,"minecraft:cooked_beef":1},"minecraft:custom":{"minecraft:time_since_rest":1969,"minecraft:interact_with_furnace":3,"minecraft:sprint_one_cm":97048,"minecraft:damage_taken":2700,"minecraft:walk_one_cm":57188,"minecraft:drop":5,"minecraft:damage_dealt":424,"minecraft:swim_one_cm":62723,"minecraft:interact_with_crafting_table":12,"minecraft:fly_one_cm":127350,"minecraft:open_chest":3,"minecraft:crouch_one_cm":851,"minecraft:play_time":68898,"minecraft:deaths":9,"minecraft:sneak_time":263,"minecraft:walk_under_water_one_cm":12064,"minecraft:jump":621,"minecraft:leave_game":10,"minecraft:walk_on_water_one_cm":10624,"minecraft:time_since_death":0,"minecraft:climb_one_cm":395,"minecraft:total_world_time":68898,"minecraft:fall_one_cm":17186},"minecraft:dropped":{"minecraft:wooden_pickaxe":1,"ftbquests:book":4},"minecraft:broken":{"minecraft:wooden_axe":2},"minecraft:mined":{"minecraft:dark_oak_planks":5,"minecraft:birch_log":12,"minecraft:dark_oak_log":125,"minecraft:birch_leaves":2,"minecraft:crafting_table":3,"minecraft:grass":2,"minecraft:sand":1,"immersive_weathering:ivy":2,"minecraft:stone":8},"minecraft:killed_by":{"minecraft:skeleton":2,"minecraft:zombie":6,"alexsmobs:grizzly_bear":1},"minecraft:used":{"minecraft:dark_oak_planks":5,"minecraft:wooden_axe":138,"alexsmobs:maggot":2,"minecraft:apple":1,"minecraft:wooden_pickaxe":8,"minecraft:crafting_table":3,"minecraft:cooked_beef":1,"delightful:acorn":1},"minecraft:picked_up":{"minecraft:birch_log":12,"minecraft:dark_oak_sapling":9,"minecraft:crafting_table":3,"minecraft:wooden_pickaxe":1,"minecraft:sand":1,"minecraft:dark_oak_log":97,"minecraft:dark_oak_planks":5,"minecraft:apple":1,"delightful:acorn":1,"ftbquests:book":4,"alexsmobs:maggot":2,"twigs:twig":11,"minecraft:birch_sapling":1,"minecraft:cobblestone":8}},"DataVersion":3120}