{
  "minecraft:recipes/food/cooked_mutton_from_campfire_cooking": {
    "criteria": {
      "has_mutton": "2024-07-24 22:54:32 +0000"
    },
    "done": true
  },
  "minecraft:recipes/decorations/smoker": {
    "criteria": {
      "has_furnace": "2024-07-27 05:16:34 +0000"
    },
    "done": true
  },
  "upgradednetherite:recipes/essences/feather_essence": {
    "criteria": {
      "has_feather": "2024-07-27 05:16:28 +0000"
    },
    "done": true
  },
  "bambooeverything:recipes/dry_bamboo_fence": {
    "criteria": {
      "has_dry_bundle": "2024-07-23 23:08:54 +0000",
      "has_dry_bamboo": "2024-07-23 23:08:54 +0000"
    },
    "done": true
  },
  "vinery:dark_oak_wine_rack_small": {
    "criteria": {
      "has_dark_oak_planks": "2024-07-24 22:53:43 +0000"
    },
    "done": true
  },
  "ecologics:recipes/ecologics/walnut_boat": {
    "criteria": {
      "in_water": "2024-07-24 22:51:34 +0000"
    },
    "done": true
  },
  "minecraft:recipes/redstone/lever": {
    "criteria": {
      "has_cobblestone": "2024-07-27 05:14:37 +0000"
    },
    "done": true
  },
  "farmersdelight:recipes/farmersdelight/organic_compost_from_rotten_flesh": {
    "criteria": {
      "has_rotten_flesh": "2024-07-24 23:05:41 +0000"
    },
    "done": true
  },
  "minecraft:recipes/redstone/acacia_button": {
    "criteria": {
      "has_planks": "2024-07-30 02:37:54 +0000"
    },
    "done": true
  },
  "woodworks:recipes/building_blocks/spruce_bookshelf": {
    "criteria": {
      "has_book": "2024-07-27 05:36:02 +0000"
    },
    "done": true
  },
  "naturescompass:natures_compass": {
    "criteria": {
      "has_compass": "2024-07-23 23:08:54 +0000"
    },
    "done": true
  },
  "biomemakeover:biomemakeover/root": {
    "criteria": {
      "enter_mushroom_fields": "2024-07-23 23:08:55 +0000",
      "enter_swamp": "2024-07-23 23:08:55 +0000",
      "enter_dark_forest": "2024-07-23 23:08:55 +0000",
      "enter_badlands": "2024-07-23 23:08:55 +0000"
    },
    "done": true
  },
  "minecraft:recipes/building_blocks/polished_deepslate": {
    "criteria": {
      "has_cobbled_deepslate": "2024-07-27 05:53:54 +0000"
    },
    "done": true
  },
  "minecraft:recipes/building_blocks/chiseled_deepslate_from_cobbled_deepslate_stonecutting": {
    "criteria": {
      "has_cobbled_deepslate": "2024-07-27 05:53:54 +0000"
    },
    "done": true
  },
  "minecraft:recipes/building_blocks/lime_concrete_powder": {
    "criteria": {
      "has_sand": "2024-07-25 00:09:55 +0000"
    },
    "done": true
  },
  "minecraft:recipes/building_blocks/yellow_concrete_powder": {
    "criteria": {
      "has_sand": "2024-07-25 00:09:55 +0000"
    },
    "done": true
  },
  "minecraft:recipes/decorations/crafting_table": {
    "criteria": {
      "has_planks": "2024-07-24 22:53:43 +0000"
    },
    "done": true
  },
  "woodworks:recipes/building_blocks/dark_oak_slab_from_dark_oak_planks_sawing": {
    "criteria": {
      "has_dark_oak_planks": "2024-07-24 22:53:43 +0000"
    },
    "done": true
  },
  "minecraft:recipes/building_blocks/magenta_wool": {
    "criteria": {
      "has_white_wool": "2024-07-24 22:54:32 +0000"
    },
    "done": true
  },
  "bambooeverything:recipes/dry_bamboo_stairs": {
    "criteria": {
      "has_dry_bundle": "2024-07-23 23:08:54 +0000"
    },
    "done": true
  },
  "minecraft:recipes/building_blocks/cloudcap_planks_to_skyroot_bookshelf": {
    "criteria": {
      "has_book": "2024-07-27 05:36:02 +0000"
    },
    "done": true
  },
  "vinery:cherry_fence": {
    "criteria": {
      "has_stick": "2024-07-24 22:53:47 +0000"
    },
    "done": true
  },
  "minecraft:recipes/misc/melon_seeds": {
    "criteria": {
      "has_melon": "2024-07-30 02:50:08 +0000"
    },
    "done": true
  },
  "another_furniture:recipes/acacia_table": {
    "criteria": {
      "has_planks": "2024-07-30 02:37:54 +0000"
    },
    "done": true
  },
  "minecraft:recipes/building_blocks/dark_oak_slab": {
    "criteria": {
      "has_planks": "2024-07-24 22:53:43 +0000"
    },
    "done": true
  },
  "comforts:sleeping_bag_black": {
    "criteria": {
      "has_black_wool": "2024-07-30 02:22:12 +0000"
    },
    "done": true
  },
  "blue_skies:recipes/blue_skies_everdawn_blocks/maple_stairs": {
    "criteria": {
      "has_item": "2024-07-30 02:30:19 +0000"
    },
    "done": true
  },
  "ecologics:recipes/ecologics/flowering_azalea_boat": {
    "criteria": {
      "in_water": "2024-07-24 22:51:34 +0000"
    },
    "done": true
  },
  "minecraft:recipes/building_blocks/cobbled_deepslate_slab": {
    "criteria": {
      "has_cobbled_deepslate": "2024-07-27 05:53:54 +0000"
    },
    "done": true
  },
  "minecraft:recipes/transportation/mangrove_boat": {
    "criteria": {
      "in_water": "2024-07-24 22:51:34 +0000"
    },
    "done": true
  },
  "galosphere:recipes/galosphere/sterling_leggings_smithing": {
    "criteria": {
      "has_netherite_ingot": "2024-07-30 02:27:17 +0000"
    },
    "done": true
  },
  "minecraft:recipes/tools/wooden_shovel": {
    "criteria": {
      "has_stick": "2024-07-24 22:53:47 +0000"
    },
    "done": true
  },
  "blue_skies:recipes/blue_skies_combat/dusk_spear": {
    "criteria": {
      "has_item": "2024-07-30 02:22:41 +0000"
    },
    "done": true
  },
  "woodworks:recipes/decorations/jungle_ladder": {
    "criteria": {
      "has_stick": "2024-07-24 22:53:47 +0000"
    },
    "done": true
  },
  "minecraft:recipes/decorations/torch": {
    "criteria": {
      "has_stone_pickaxe": "2024-07-27 05:14:52 +0000"
    },
    "done": true
  },
  "minecraft:recipes/redstone/dark_oak_button": {
    "criteria": {
      "has_planks": "2024-07-24 22:53:43 +0000"
    },
    "done": true
  },
  "blue_skies:recipes/blue_skies_everbright_blocks/chiseled_turquoise_stonebrick_stonecutting_turquoise_stonebrick": {
    "criteria": {
      "has_item": "2024-07-30 02:55:06 +0000"
    },
    "done": true
  },
  "minecraft:recipes/misc/stick": {
    "criteria": {
      "has_planks": "2024-07-24 22:53:43 +0000"
    },
    "done": true
  },
  "blue_skies:recipes/blue_skies_tools/maple_axe": {
    "criteria": {
      "has_resource": "2024-07-30 02:30:19 +0000"
    },
    "done": true
  },
  "blue_skies:recipes/blue_skies_everdawn_blocks/maple_fence": {
    "criteria": {
      "has_item": "2024-07-30 02:30:19 +0000"
    },
    "done": true
  },
  "another_furniture:recipes/dark_oak_shelf": {
    "criteria": {
      "has_planks": "2024-07-24 22:53:43 +0000"
    },
    "done": true
  },
  "woodworks:recipes/redstone/oak_button_from_oak_planks_sawing": {
    "criteria": {
      "has_oak_planks": "2024-07-27 05:14:25 +0000"
    },
    "done": true
  },
  "vinery:oak_wine_rack_small": {
    "criteria": {
      "has_oak_planks": "2024-07-27 05:14:25 +0000"
    },
    "done": true
  },
  "aether_redux:recipes/transportation/cloudcap_boat": {
    "criteria": {
      "in_water": "2024-07-24 22:51:34 +0000"
    },
    "done": true
  },
  "woodworks:recipes/building_blocks/dark_oak_boards": {
    "criteria": {
      "has_dark_oak_planks": "2024-07-24 22:53:43 +0000"
    },
    "done": true
  },
  "minecraft:recipes/building_blocks/emerald_block": {
    "criteria": {
      "has_emerald": "2024-07-27 05:36:05 +0000"
    },
    "done": true
  },
  "minecraft:recipes/building_blocks/dark_oak_planks": {
    "criteria": {
      "has_log": "2024-07-24 22:53:01 +0000"
    },
    "done": true
  },
  "another_furniture:recipes/dark_oak_drawer": {
    "criteria": {
      "has_planks": "2024-07-24 22:53:47 +0000"
    },
    "done": true
  },
  "delightful:recipes/knives/silver_knife": {
    "criteria": {
      "has_silver": "2024-07-30 02:27:17 +0000"
    },
    "done": true
  },
  "minecraft:recipes/redstone/dark_oak_door": {
    "criteria": {
      "has_planks": "2024-07-24 22:53:43 +0000"
    },
    "done": true
  },
  "environmental:recipes/decorations/willow_ladder": {
    "criteria": {
      "has_stick": "2024-07-24 22:53:47 +0000"
    },
    "done": true
  },
  "decorative_blocks:recipes/decorative_blocks.general/lattice": {
    "criteria": {
      "has_stick": "2024-07-24 22:53:47 +0000"
    },
    "done": true
  },
  "minecraft:recipes/building_blocks/cobblestone_slab": {
    "criteria": {
      "has_cobblestone": "2024-07-27 05:14:37 +0000"
    },
    "done": true
  },
  "vinery:grapevine_lattice": {
    "criteria": {
      "has_stick": "2024-07-24 22:53:46 +0000"
    },
    "done": true
  },
  "environmental:recipes/building_blocks/cherry_bookshelf": {
    "criteria": {
      "has_book": "2024-07-27 05:36:02 +0000"
    },
    "done": true
  },
  "ecologics:recipes/ecologics/crab_meat": {
    "criteria": {
      "crab_meat": "2024-07-27 05:19:56 +0000"
    },
    "done": true
  },
  "minecraft:recipes/decorations/cobbled_deepslate_wall_from_cobbled_deepslate_stonecutting": {
    "criteria": {
      "has_cobbled_deepslate": "2024-07-27 05:53:54 +0000"
    },
    "done": true
  },
  "woodworks:recipes/decorations/oak_ladder_from_oak_logs_sawing": {
    "criteria": {
      "has_oak_logs": "2024-07-27 05:09:25 +0000"
    },
    "done": true
  },
  "woodworks:recipes/building_blocks/acacia_bookshelf": {
    "criteria": {
      "has_book": "2024-07-27 05:36:02 +0000"
    },
    "done": true
  },
  "naturescompass:natures_compass_sapling": {
    "criteria": {
      "has_recipe": "2024-07-23 23:08:54 +0000"
    },
    "done": true
  },
  "aether:recipes/building_blocks/skyroot_bookshelf": {
    "criteria": {
      "has_book": "2024-07-27 05:36:02 +0000"
    },
    "done": true
  },
  "another_furniture:recipes/white_curtain": {
    "criteria": {
      "has_wool": "2024-07-24 22:54:32 +0000"
    },
    "done": true
  },
  "ecologics:recipes/ecologics/seashell_block": {
    "criteria": {
      "has_seashell": "2024-07-27 05:14:06 +0000"
    },
    "done": true
  },
  "minecraft:recipes/building_blocks/deepslate_tile_stairs_from_cobbled_deepslate_stonecutting": {
    "criteria": {
      "has_cobbled_deepslate": "2024-07-27 05:53:54 +0000"
    },
    "done": true
  },
  "minecraft:recipes/building_blocks/light_gray_concrete_powder": {
    "criteria": {
      "has_sand": "2024-07-25 00:09:55 +0000"
    },
    "done": true
  },
  "another_furniture:recipes/black_sofa": {
    "criteria": {
      "has_wool": "2024-07-30 02:22:12 +0000"
    },
    "done": true
  },
  "bambooeverything:recipes/bamboo_fence_gate": {
    "criteria": {
      "has_bamboo": "2024-07-23 23:08:54 +0000",
      "has_bundle": "2024-07-23 23:08:54 +0000"
    },
    "done": true
  },
  "woodworks:recipes/building_blocks/dark_oak_slab_from_dark_oak_logs_sawing": {
    "criteria": {
      "has_dark_oak_logs": "2024-07-24 22:53:01 +0000"
    },
    "done": true
  },
  "woodworks:recipes/decorations/crimson_ladder": {
    "criteria": {
      "has_stick": "2024-07-24 22:53:46 +0000"
    },
    "done": true
  },
  "minecraft:recipes/building_blocks/pink_concrete_powder": {
    "criteria": {
      "has_sand": "2024-07-25 00:09:55 +0000"
    },
    "done": true
  },
  "woodworks:recipes/decorations/dark_oak_fence_from_dark_oak_planks_sawing": {
    "criteria": {
      "has_dark_oak_planks": "2024-07-24 22:53:43 +0000"
    },
    "done": true
  },
  "aether_redux:recipes/combat/cockatrice_rib_arrow": {
    "criteria": {
      "has_feather": "2024-07-27 05:16:28 +0000"
    },
    "done": true
  },
  "minecraft:recipes/redstone/lectern": {
    "criteria": {
      "has_book": "2024-07-27 05:36:02 +0000"
    },
    "done": true
  },
  "aether_redux:recipes/transportation/blightwillow_boat": {
    "criteria": {
      "in_water": "2024-07-24 22:51:34 +0000"
    },
    "done": true
  },
  "aether:recipes/decorations/skyroot_bed": {
    "criteria": {
      "has_wool": "2024-07-24 22:54:32 +0000"
    },
    "done": true
  },
  "another_furniture:recipes/mangrove_drawer": {
    "criteria": {
      "has_planks": "2024-07-24 22:53:47 +0000"
    },
    "done": true
  },
  "blue_skies:recipes/blue_skies_combat/frostbright_spear": {
    "criteria": {
      "has_item": "2024-07-30 02:22:41 +0000"
    },
    "done": true
  },
  "minecraft:recipes/decorations/acacia_fence": {
    "criteria": {
      "has_planks": "2024-07-30 02:37:54 +0000"
    },
    "done": true
  },
  "clayworks:recipes/building_blocks/stone_from_baking": {
    "criteria": {
      "has_cobblestone": "2024-07-27 05:14:37 +0000"
    },
    "done": true
  },
  "takesapillage:root": {
    "criteria": {
      "always": "2024-07-23 23:08:53 +0000"
    },
    "done": true
  },
  "minecraft:recipes/misc/red_dye_from_rose_bush": {
    "criteria": {
      "has_rose_bush": "2024-07-30 02:37:03 +0000"
    },
    "done": true
  },
  "minecraft:recipes/building_blocks/blue_wool": {
    "criteria": {
      "has_white_wool": "2024-07-24 22:54:32 +0000"
    },
    "done": true
  },
  "galosphere:recipes/galosphere/silver_ingot_from_smelting_raw_silver": {
    "criteria": {
      "has_raw_silver": "2024-07-27 05:51:00 +0000"
    },
    "done": true
  },
  "woodworks:recipes/redstone/acacia_fence_gate_from_acacia_logs_sawing": {
    "criteria": {
      "has_acacia_logs": "2024-07-30 02:37:46 +0000"
    },
    "done": true
  },
  "friendsandfoes:adventure/activate_zombie_horse_trap": {
    "criteria": {
      "friendsandfoes:activate_zombie_horse_trap": "2024-07-24 23:03:50 +0000"
    },
    "done": true
  },
  "blue_skies:everbright/get_ventium": {
    "criteria": {
      "obtain_material": "2024-07-30 02:22:17 +0000"
    },
    "done": true
  },
  "bambooeverything:recipes/bamboo_bundle": {
    "criteria": {
      "has_bamboo": "2024-07-23 23:08:54 +0000"
    },
    "done": true
  },
  "woodworks:recipes/decorations/birch_chest": {
    "criteria": {
      "has_lots_of_items": "2024-07-24 22:58:47 +0000"
    },
    "done": true
  },
  "woodworks:recipes/decorations/oak_ladder_from_oak_planks_sawing": {
    "criteria": {
      "has_oak_planks": "2024-07-27 05:14:25 +0000"
    },
    "done": true
  },
  "woodworks:recipes/building_blocks/dark_oak_stairs_from_dark_oak_planks_sawing": {
    "criteria": {
      "has_dark_oak_planks": "2024-07-24 22:53:43 +0000"
    },
    "done": true
  },
  "woodworks:recipes/building_blocks/acacia_slab_from_acacia_planks_sawing": {
    "criteria": {
      "has_acacia_planks": "2024-07-30 02:37:54 +0000"
    },
    "done": true
  },
  "woodworks:recipes/building_blocks/dark_oak_planks_from_dark_oak_logs_sawing": {
    "criteria": {
      "has_dark_oak_logs": "2024-07-24 22:53:01 +0000"
    },
    "done": true
  },
  "minecraft:recipes/decorations/deepslate_brick_wall_from_cobbled_deepslate_stonecutting": {
    "criteria": {
      "has_cobbled_deepslate": "2024-07-27 05:53:54 +0000"
    },
    "done": true
  },
  "minecraft:recipes/building_blocks/crystal_planks_to_skyroot_bookshelf": {
    "criteria": {
      "has_book": "2024-07-27 05:36:02 +0000"
    },
    "done": true
  },
  "woodworks:recipes/decorations/acacia_ladder_from_acacia_logs_sawing": {
    "criteria": {
      "has_acacia_logs": "2024-07-30 02:37:46 +0000"
    },
    "done": true
  },
  "minecraft:recipes/building_blocks/sandstone": {
    "criteria": {
      "has_sand": "2024-07-25 00:09:55 +0000"
    },
    "done": true
  },
  "twigs:recipes/cobblestone_from_pebble": {
    "criteria": {
      "has_item": "2024-07-27 05:28:30 +0000"
    },
    "done": true
  },
  "minecraft:adventure/sleep_in_bed": {
    "criteria": {
      "slept_in_bed": "2024-07-30 02:25:13 +0000"
    },
    "done": true
  },
  "bambooeverything:recipes/bamboo_trapdoor": {
    "criteria": {
      "has_bundle": "2024-07-23 23:08:54 +0000"
    },
    "done": true
  },
  "blue_skies:recipes/blue_skies_everdawn_blocks/lunar_stonebrick_wall": {
    "criteria": {
      "has_item": "2024-07-30 02:55:20 +0000"
    },
    "done": true
  },
  "bambooeverything:recipes/dry_bamboo_trapdoor": {
    "criteria": {
      "has_dry_bundle": "2024-07-23 23:08:54 +0000"
    },
    "done": true
  },
  "minecraft:recipes/building_blocks/cobblestone_slab_from_cobblestone_stonecutting": {
    "criteria": {
      "has_cobblestone": "2024-07-27 05:14:37 +0000"
    },
    "done": true
  },
  "woodworks:recipes/redstone/dark_oak_door_from_dark_oak_logs_sawing": {
    "criteria": {
      "has_dark_oak_logs": "2024-07-24 22:53:01 +0000"
    },
    "done": true
  },
  "decorative_blocks:recipes/decorative_blocks.general/oak_support": {
    "criteria": {
      "has_plank": "2024-07-27 05:14:25 +0000"
    },
    "done": true
  },
  "blue_skies:recipes/blue_skies_tools/maple_shovel": {
    "criteria": {
      "has_resource": "2024-07-30 02:30:19 +0000"
    },
    "done": true
  },
  "minecraft:recipes/building_blocks/oak_stairs": {
    "criteria": {
      "has_planks": "2024-07-27 05:14:25 +0000"
    },
    "done": true
  },
  "farmersdelight:recipes/farmersdelight/roasted_mutton_chops": {
    "criteria": {
      "has_mutton": "2024-07-27 05:17:47 +0000"
    },
    "done": true
  },
  "blue_skies:recipes/blue_skies_everbright_blocks/frostbright_bookshelf": {
    "criteria": {
      "has_item": "2024-07-27 05:36:02 +0000"
    },
    "done": true
  },
  "galosphere:recipes/galosphere/combustion_table": {
    "criteria": {
      "has_silver_ingot": "2024-07-30 02:27:17 +0000"
    },
    "done": true
  },
  "minecraft:recipes/transportation/acacia_boat": {
    "criteria": {
      "in_water": "2024-07-24 22:51:34 +0000"
    },
    "done": true
  },
  "farmersdelight:recipes/farmersdelight/cutting_board": {
    "criteria": {
      "has_stick": "2024-07-24 22:53:46 +0000"
    },
    "done": true
  },
  "twilightforest:recipes/twilightforest/charm_of_life_2": {
    "criteria": {
      "has_item": "2024-07-24 23:01:22 +0000"
    },
    "done": true
  },
  "blue_skies:recipes/blue_skies_combat/starlit_spear": {
    "criteria": {
      "has_item": "2024-07-30 02:22:41 +0000"
    },
    "done": true
  },
  "minecraft:adventure/root": {
    "criteria": {
      "killed_something": "2024-07-24 22:54:31 +0000"
    },
    "done": true
  },
  "woodworks:recipes/decorations/acacia_chest": {
    "criteria": {
      "has_lots_of_items": "2024-07-24 22:58:47 +0000"
    },
    "done": true
  },
  "windswept:recipes/misc/rose_flower_banner_pattern": {
    "criteria": {
      "has_roses": "2024-07-30 02:37:03 +0000"
    },
    "done": true
  },
  "minecraft:recipes/decorations/black_bed": {
    "criteria": {
      "has_black_wool": "2024-07-30 02:22:12 +0000"
    },
    "done": true
  },
  "farmersdelight:recipes/farmersdelight/cooking/tomato_sauce": {
    "criteria": {
      "has_tomato": "2024-07-30 02:47:46 +0000"
    },
    "done": true
  },
  "bambooeverything:recipes/dry_bamboo_fence_gate": {
    "criteria": {
      "has_dry_bundle": "2024-07-23 23:08:54 +0000",
      "has_dry_bamboo": "2024-07-23 23:08:54 +0000"
    },
    "done": true
  },
  "minecraft:recipes/building_blocks/white_concrete_powder": {
    "criteria": {
      "has_sand": "2024-07-25 00:09:55 +0000"
    },
    "done": true
  },
  "woodworks:recipes/redstone/birch_fence_gate_from_birch_logs_sawing": {
    "criteria": {
      "has_birch_logs": "2024-07-27 05:15:37 +0000"
    },
    "done": true
  },
  "farmersdelight:recipes/farmersdelight/chicken_sandwich": {
    "criteria": {
      "has_cooked_chicken": "2024-07-30 02:54:05 +0000"
    },
    "done": true
  },
  "shieldexp:recipes/wooden_shield": {
    "criteria": {
      "has_stick": "2024-07-24 22:53:47 +0000"
    },
    "done": true
  },
  "bambooeverything:recipes/bamboo_ladder": {
    "criteria": {
      "has_bamboo": "2024-07-23 23:08:54 +0000"
    },
    "done": true
  },
  "farmersdelight:recipes/farmersdelight/melon_popsicle": {
    "criteria": {
      "has_melon": "2024-07-30 02:50:08 +0000"
    },
    "done": true
  },
  "minecraft:adventure/kill_all_mobs": {
    "criteria": {
      "minecraft:zombie": "2024-07-24 23:04:20 +0000"
    },
    "done": false
  },
  "another_furniture:recipes/spruce_drawer": {
    "criteria": {
      "has_planks": "2024-07-24 22:53:47 +0000"
    },
    "done": true
  },
  "galosphere:recipes/galosphere/sterling_boots_smithing": {
    "criteria": {
      "has_netherite_ingot": "2024-07-30 02:27:17 +0000"
    },
    "done": true
  },
  "twigs:recipes/cobblestone_bricks/cobblestone_brick_slab_from_cobblestone_stonecutting": {
    "criteria": {
      "has_item": "2024-07-27 05:14:37 +0000"
    },
    "done": true
  },
  "minecraft:recipes/building_blocks/birch_wood": {
    "criteria": {
      "has_log": "2024-07-27 05:15:37 +0000"
    },
    "done": true
  },
  "woodworks:recipes/building_blocks/birch_boards_from_birch_logs_sawing": {
    "criteria": {
      "has_birch_logs": "2024-07-27 05:15:37 +0000"
    },
    "done": true
  },
  "minecraft:recipes/building_blocks/polished_deepslate_from_cobbled_deepslate_stonecutting": {
    "criteria": {
      "has_cobbled_deepslate": "2024-07-27 05:53:54 +0000"
    },
    "done": true
  },
  "aether_redux:recipes/transportation/springshroom_boat": {
    "criteria": {
      "in_water": "2024-07-24 22:51:34 +0000"
    },
    "done": true
  },
  "minecraft:recipes/food/cooked_chicken_from_campfire_cooking": {
    "criteria": {
      "has_chicken": "2024-07-30 02:37:27 +0000"
    },
    "done": true
  },
  "minecraft:recipes/brewing/glistering_melon_slice": {
    "criteria": {
      "has_melon": "2024-07-30 02:50:08 +0000"
    },
    "done": true
  },
  "environmental:recipes/building_blocks/willow_bookshelf": {
    "criteria": {
      "has_book": "2024-07-27 05:36:02 +0000"
    },
    "done": true
  },
  "minecraft:recipes/redstone/dark_oak_fence_gate": {
    "criteria": {
      "has_planks": "2024-07-24 22:53:43 +0000"
    },
    "done": true
  },
  "minecraft:recipes/food/cooked_mutton_from_smoking": {
    "criteria": {
      "has_mutton": "2024-07-24 22:54:32 +0000"
    },
    "done": true
  },
  "aether_redux:recipes/transportation/crystal_boat": {
    "criteria": {
      "in_water": "2024-07-24 22:51:34 +0000"
    },
    "done": true
  },
  "minecraft:recipes/building_blocks/polished_deepslate_slab_from_cobbled_deepslate_stonecutting": {
    "criteria": {
      "has_cobbled_deepslate": "2024-07-27 05:53:54 +0000"
    },
    "done": true
  },
  "everycomp:recipes/everycomp/af/blue_skies/maple_drawer": {
    "criteria": {
      "has_planks": "2024-07-30 02:30:19 +0000"
    },
    "done": true
  },
  "ecologics:recipes/ecologics/crab_meat_from_campfire_cooking": {
    "criteria": {
      "crab_meat": "2024-07-27 05:19:56 +0000"
    },
    "done": true
  },
  "minecraft:recipes/decorations/oak_fence": {
    "criteria": {
      "has_planks": "2024-07-27 05:14:25 +0000"
    },
    "done": true
  },
  "farmersdelight:recipes/farmersdelight/cooking/apple_cider": {
    "criteria": {
      "has_apple": "2024-07-27 05:09:38 +0000"
    },
    "done": true
  },
  "minecraft:recipes/food/cooked_porkchop": {
    "criteria": {
      "has_porkchop": "2024-07-24 22:55:00 +0000"
    },
    "done": true
  },
  "minecraft:recipes/building_blocks/orange_concrete_powder": {
    "criteria": {
      "has_sand": "2024-07-25 00:09:55 +0000"
    },
    "done": true
  },
  "minecraft:recipes/building_blocks/oak_slab": {
    "criteria": {
      "has_planks": "2024-07-27 05:14:25 +0000"
    },
    "done": true
  },
  "blue_skies:recipes/blue_skies_blocks/moonstone_from_shard": {
    "criteria": {
      "has_item": "2024-07-30 02:22:41 +0000"
    },
    "done": true
  },
  "woodworks:recipes/building_blocks/acacia_planks_from_acacia_logs_sawing": {
    "criteria": {
      "has_acacia_logs": "2024-07-30 02:37:46 +0000"
    },
    "done": true
  },
  "minecraft:recipes/food/cooked_porkchop_from_campfire_cooking": {
    "criteria": {
      "has_porkchop": "2024-07-24 22:55:00 +0000"
    },
    "done": true
  },
  "comforts:hammock_white": {
    "criteria": {
      "has_white_wool": "2024-07-24 22:54:32 +0000"
    },
    "done": true
  },
  "deeperdarker:recipes/deeperdarker/echo_boat": {
    "criteria": {
      "in_water": "2024-07-24 22:51:34 +0000"
    },
    "done": true
  },
  "decorative_blocks:recipes/decorative_blocks.general/dark_oak_palisade": {
    "criteria": {
      "has_log": "2024-07-24 22:53:01 +0000"
    },
    "done": true
  },
  "environmental:recipes/decorations/cherry_ladder": {
    "criteria": {
      "has_stick": "2024-07-24 22:53:47 +0000"
    },
    "done": true
  },
  "woodworks:recipes/redstone/dark_oak_button_from_dark_oak_logs_sawing": {
    "criteria": {
      "has_dark_oak_logs": "2024-07-24 22:53:01 +0000"
    },
    "done": true
  },
  "woodworks:recipes/redstone/oak_trapdoor_from_oak_logs_sawing": {
    "criteria": {
      "has_oak_logs": "2024-07-27 05:09:25 +0000"
    },
    "done": true
  },
  "minecraft:recipes/building_blocks/black_wool": {
    "criteria": {
      "has_white_wool": "2024-07-24 22:54:32 +0000"
    },
    "done": true
  },
  "backpacked:recipes/backpacked/oak_backpack_shelf": {
    "criteria": {
      "has_stick": "2024-07-24 22:53:47 +0000"
    },
    "done": true
  },
  "minecraft:recipes/food/cooked_salmon_from_smoking": {
    "criteria": {
      "has_salmon": "2024-07-30 02:19:22 +0000"
    },
    "done": true
  },
  "minecraft:recipes/decorations/deepslate_tile_wall_from_cobbled_deepslate_stonecutting": {
    "criteria": {
      "has_cobbled_deepslate": "2024-07-27 05:53:54 +0000"
    },
    "done": true
  },
  "minecraft:recipes/misc/iron_ingot_from_blasting_raw_iron": {
    "criteria": {
      "has_raw_iron": "2024-07-27 05:53:53 +0000"
    },
    "done": true
  },
  "vinery:grapevine_stem": {
    "criteria": {
      "has_oak_log": "2024-07-27 05:09:25 +0000"
    },
    "done": true
  },
  "minecraft:recipes/redstone/acacia_pressure_plate": {
    "criteria": {
      "has_planks": "2024-07-30 02:37:54 +0000"
    },
    "done": true
  },
  "farmersdelight:recipes/farmersdelight/mutton_wrap": {
    "criteria": {
      "has_mutton": "2024-07-27 05:17:47 +0000"
    },
    "done": true
  },
  "blue_skies:recipes/blue_skies_everbright_blocks/turquoise_stonebrick_slab_stonecutting_turquoise_stonebrick": {
    "criteria": {
      "has_item": "2024-07-30 02:55:06 +0000"
    },
    "done": true
  },
  "environmental:recipes/food/apple_pie": {
    "criteria": {
      "has_apple": "2024-07-27 05:09:38 +0000"
    },
    "done": true
  },
  "decorative_blocks:recipes/decorative_blocks.general/dark_oak_seat": {
    "criteria": {
      "has_plank": "2024-07-24 22:53:43 +0000"
    },
    "done": true
  },
  "farmersdelight:recipes/farmersdelight/cooking/baked_cod_stew": {
    "criteria": {
      "has_any_ingredient": "2024-07-30 02:47:46 +0000"
    },
    "done": true
  },
  "bambooeverything:recipes/dry_bamboo_slab": {
    "criteria": {
      "has_dry_bundle": "2024-07-23 23:08:54 +0000"
    },
    "done": true
  },
  "vinery:dirt_slab": {
    "criteria": {
      "has_dirt": "2024-07-27 05:16:55 +0000"
    },
    "done": true
  },
  "decorative_blocks:recipes/decorative_blocks.general/rocky_dirt": {
    "criteria": {
      "has_dirt": "2024-07-27 05:16:55 +0000"
    },
    "done": true
  },
  "woodworks:recipes/decorations/birch_ladder": {
    "criteria": {
      "has_stick": "2024-07-24 22:53:46 +0000"
    },
    "done": true
  },
  "woodworks:recipes/decorations/sawmill": {
    "criteria": {
      "has_planks": "2024-07-24 22:53:43 +0000"
    },
    "done": true
  },
  "bambooeverything:recipes/bamboo_bundle_uncrafting": {
    "criteria": {
      "has_bundle": "2024-07-23 23:08:54 +0000"
    },
    "done": true
  },
  "blue_skies:recipes/blue_skies_everdawn_blocks/lunar_stonebrick_slab": {
    "criteria": {
      "has_item": "2024-07-30 02:55:20 +0000"
    },
    "done": true
  },
  "minecraft:recipes/building_blocks/acacia_wood": {
    "criteria": {
      "has_log": "2024-07-30 02:37:46 +0000"
    },
    "done": true
  },
  "blue_skies:recipes/blue_skies_tools/ventium_bucket": {
    "criteria": {
      "has_item": "2024-07-30 02:22:17 +0000"
    },
    "done": true
  },
  "woodworks:recipes/building_blocks/birch_planks_from_birch_logs_sawing": {
    "criteria": {
      "has_birch_logs": "2024-07-27 05:15:37 +0000"
    },
    "done": true
  },
  "woodworks:recipes/building_blocks/acacia_stairs_from_acacia_logs_sawing": {
    "criteria": {
      "has_acacia_logs": "2024-07-30 02:37:46 +0000"
    },
    "done": true
  },
  "woodworks:recipes/decorations/warped_ladder": {
    "criteria": {
      "has_stick": "2024-07-24 22:53:47 +0000"
    },
    "done": true
  },
  "handcrafted:recipes/misc/stackable_book": {
    "criteria": {
      "has_book": "2024-07-27 05:36:02 +0000"
    },
    "done": true
  },
  "everycomp:recipes/everycomp/af/blue_skies/maple_chair": {
    "criteria": {
      "has_planks": "2024-07-30 02:30:19 +0000"
    },
    "done": true
  },
  "another_furniture:recipes/oak_drawer": {
    "criteria": {
      "has_planks": "2024-07-24 22:53:47 +0000"
    },
    "done": true
  },
  "minecraft:recipes/building_blocks/light_blue_wool": {
    "criteria": {
      "has_white_wool": "2024-07-24 22:54:32 +0000"
    },
    "done": true
  },
  "minecraft:recipes/combat/wooden_sword": {
    "criteria": {
      "has_stick": "2024-07-24 22:53:46 +0000"
    },
    "done": true
  },
  "another_furniture:recipes/jungle_drawer": {
    "criteria": {
      "has_planks": "2024-07-24 22:53:46 +0000"
    },
    "done": true
  },
  "minecraft:recipes/building_blocks/oak_planks": {
    "criteria": {
      "has_logs": "2024-07-27 05:09:25 +0000"
    },
    "done": true
  },
  "goodending:recipes/cypress_boat": {
    "criteria": {
      "in_water": "2024-07-24 22:51:34 +0000"
    },
    "done": true
  },
  "aether:recipes/redstone/skyroot_lectern": {
    "criteria": {
      "has_book": "2024-07-27 05:36:02 +0000"
    },
    "done": true
  },
  "minecraft:recipes/building_blocks/gray_concrete_powder": {
    "criteria": {
      "has_sand": "2024-07-25 00:09:55 +0000"
    },
    "done": true
  },
  "woodworks:recipes/building_blocks/acacia_boards_from_acacia_planks_sawing": {
    "criteria": {
      "has_acacia_planks": "2024-07-30 02:37:54 +0000"
    },
    "done": true
  },
  "ecologics:recipes/ecologics/sandcastle": {
    "criteria": {
      "has_seashell": "2024-07-27 05:14:06 +0000"
    },
    "done": true
  },
  "woodworks:recipes/building_blocks/dark_oak_bookshelf": {
    "criteria": {
      "has_book": "2024-07-27 05:36:02 +0000"
    },
    "done": true
  },
  "blue_skies:recipes/blue_skies_everdawn_blocks/lunar_stonebrick_stairs": {
    "criteria": {
      "has_item": "2024-07-30 02:55:20 +0000"
    },
    "done": true
  },
  "blue_skies:recipes/blue_skies_everdawn_blocks/maple_slab": {
    "criteria": {
      "has_item": "2024-07-30 02:30:19 +0000"
    },
    "done": true
  },
  "blue_skies:recipes/blue_skies_everdawn_blocks/cracked_lunar_stonebrick_from_smelting_lunar_stonebrick": {
    "criteria": {
      "has_item": "2024-07-30 02:55:20 +0000"
    },
    "done": true
  },
  "woodworks:recipes/building_blocks/oak_slab_from_oak_planks_sawing": {
    "criteria": {
      "has_oak_planks": "2024-07-27 05:14:25 +0000"
    },
    "done": true
  },
  "minecraft:recipes/decorations/black_banner": {
    "criteria": {
      "has_black_wool": "2024-07-30 02:22:12 +0000"
    },
    "done": true
  },
  "woodworks:recipes/decorations/birch_fence_from_birch_logs_sawing": {
    "criteria": {
      "has_birch_logs": "2024-07-27 05:15:37 +0000"
    },
    "done": true
  },
  "minecraft:recipes/building_blocks/birch_planks": {
    "criteria": {
      "has_logs": "2024-07-27 05:15:37 +0000"
    },
    "done": true
  },
  "everycomp:recipes/everycomp/fd/blue_skies/maple_cabinet": {
    "criteria": {
      "has_planks": "2024-07-30 02:30:19 +0000"
    },
    "done": true
  },
  "minecraft:recipes/building_blocks/black_concrete_powder": {
    "criteria": {
      "has_sand": "2024-07-25 00:09:55 +0000"
    },
    "done": true
  },
  "comforts:sleeping_bag_white": {
    "criteria": {
      "has_white_wool": "2024-07-24 22:54:32 +0000"
    },
    "done": true
  },
  "usefulbackpacks:recipes/filter_configurator": {
    "criteria": {
      "has_wool": "2024-07-30 02:13:51 +0000"
    },
    "done": true
  },
  "woodworks:recipes/decorations/dark_oak_fence_from_dark_oak_logs_sawing": {
    "criteria": {
      "has_dark_oak_logs": "2024-07-24 22:53:01 +0000"
    },
    "done": true
  },
  "twigs:recipes/silt/silt_from_sand": {
    "criteria": {
      "has_item": "2024-07-25 00:09:55 +0000"
    },
    "done": true
  },
  "delightful:recipes/food/cooking/nut_butter_bottle": {
    "criteria": {
      "has_nuts": "2024-07-27 05:09:51 +0000"
    },
    "done": true
  },
  "twigs:recipes/tables/acacia_table": {
    "criteria": {
      "has_bamboo": "2024-07-30 02:37:54 +0000"
    },
    "done": true
  },
  "windswept:recipes/misc/wooden_bucket": {
    "criteria": {
      "has_log": "2024-07-24 22:53:01 +0000"
    },
    "done": true
  },
  "ecologics:recipes/food/mushroom_stew_from_coconut_husk": {
    "criteria": {
      "has_bowl": "2024-07-27 05:19:53 +0000"
    },
    "done": true
  },
  "woodworks:recipes/building_blocks/dark_oak_boards_from_dark_oak_planks_sawing": {
    "criteria": {
      "has_dark_oak_planks": "2024-07-24 22:53:43 +0000"
    },
    "done": true
  },
  "minecraft:recipes/combat/crossbow": {
    "criteria": {
      "has_stick": "2024-07-24 22:53:47 +0000"
    },
    "done": true
  },
  "blue_skies:recipes/blue_skies_everbright_blocks/bluebright_bookshelf": {
    "criteria": {
      "has_item": "2024-07-27 05:36:02 +0000"
    },
    "done": true
  },
  "minecraft:recipes/decorations/cobbled_deepslate_wall": {
    "criteria": {
      "has_cobbled_deepslate": "2024-07-27 05:53:54 +0000"
    },
    "done": true
  },
  "minecraft:recipes/building_blocks/yellow_wool": {
    "criteria": {
      "has_white_wool": "2024-07-24 22:54:32 +0000"
    },
    "done": true
  },
  "minecraft:recipes/redstone/dark_oak_trapdoor": {
    "criteria": {
      "has_planks": "2024-07-24 22:53:43 +0000"
    },
    "done": true
  },
  "minecraft:recipes/food/cooked_porkchop_from_smoking": {
    "criteria": {
      "has_porkchop": "2024-07-24 22:55:00 +0000"
    },
    "done": true
  },
  "minecraft:recipes/decorations/oak_sign": {
    "criteria": {
      "has_planks": "2024-07-27 05:14:25 +0000"
    },
    "done": true
  },
  "blue_skies:recipes/blue_skies_blocks/cherry_bookshelf": {
    "criteria": {
      "has_item": "2024-07-27 05:36:02 +0000"
    },
    "done": true
  },
  "farmersdelight:recipes/farmersdelight/cooking/fish_stew": {
    "criteria": {
      "has_any_ingredient": "2024-07-30 02:19:22 +0000"
    },
    "done": true
  },
  "windswept:recipes/decorations/red_mushroom_basket": {
    "criteria": {
      "has_red_mushroom": "2024-07-30 02:48:39 +0000"
    },
    "done": true
  },
  "ecologics:recipes/ecologics/azalea_boat": {
    "criteria": {
      "in_water": "2024-07-24 22:51:34 +0000"
    },
    "done": true
  },
  "woodworks:recipes/redstone/oak_pressure_plate_from_oak_logs_sawing": {
    "criteria": {
      "has_oak_logs": "2024-07-27 05:09:25 +0000"
    },
    "done": true
  },
  "minecraft:recipes/redstone/oak_trapdoor": {
    "criteria": {
      "has_planks": "2024-07-27 05:14:25 +0000"
    },
    "done": true
  },
  "aether_redux:recipes/combat/spectral_dart": {
    "criteria": {
      "has_feather": "2024-07-27 05:16:28 +0000"
    },
    "done": true
  },
  "galosphere:recipes/galosphere/sterling_horse_armor_smithing": {
    "criteria": {
      "has_netherite_ingot": "2024-07-30 02:27:17 +0000"
    },
    "done": true
  },
  "vinery:acacia_wine_rack_big": {
    "criteria": {
      "has_acacia_planks": "2024-07-30 02:37:54 +0000"
    },
    "done": true
  },
  "minecraft:recipes/building_blocks/red_concrete_powder": {
    "criteria": {
      "has_sand": "2024-07-25 00:09:55 +0000"
    },
    "done": true
  },
  "decorative_blocks:recipes/decorative_blocks.general/acacia_palisade": {
    "criteria": {
      "has_log": "2024-07-30 02:37:46 +0000"
    },
    "done": true
  },
  "betterdungeons:root": {
    "criteria": {
      "always": "2024-07-23 23:08:53 +0000"
    },
    "done": true
  },
  "minecraft:recipes/decorations/polished_deepslate_wall_from_cobbled_deepslate_stonecutting": {
    "criteria": {
      "has_cobbled_deepslate": "2024-07-27 05:53:54 +0000"
    },
    "done": true
  },
  "blue_skies:recipes/blue_skies_everbright_blocks/turquoise_stonebrick_stairs_stonecutting_turquoise_stonebrick": {
    "criteria": {
      "has_item": "2024-07-30 02:55:06 +0000"
    },
    "done": true
  },
  "woodworks:recipes/redstone/dark_oak_button_from_dark_oak_planks_sawing": {
    "criteria": {
      "has_dark_oak_planks": "2024-07-24 22:53:43 +0000"
    },
    "done": true
  },
  "minecraft:adventure/kill_a_mob": {
    "criteria": {
      "minecraft:zombie": "2024-07-24 23:04:20 +0000"
    },
    "done": true
  },
  "alexsmobs:alexsmobs/seagull_steal": {
    "criteria": {
      "ex": "2024-07-27 05:37:45 +0000"
    },
    "done": true
  },
  "environmental:recipes/decorations/wisteria_ladder": {
    "criteria": {
      "has_stick": "2024-07-24 22:53:46 +0000"
    },
    "done": true
  },
  "bambooeverything:recipes/dry_bamboo_door": {
    "criteria": {
      "has_dry_bundle": "2024-07-23 23:08:54 +0000"
    },
    "done": true
  },
  "blue_skies:recipes/blue_skies_everdawn_blocks/chiseled_lunar_stonebrick_stonecutting_lunar_stonebrick": {
    "criteria": {
      "has_item": "2024-07-30 02:55:20 +0000"
    },
    "done": true
  },
  "minecraft:recipes/building_blocks/stone": {
    "criteria": {
      "has_cobblestone": "2024-07-27 05:14:37 +0000"
    },
    "done": true
  },
  "another_furniture:recipes/warped_drawer": {
    "criteria": {
      "has_planks": "2024-07-24 22:53:46 +0000"
    },
    "done": true
  },
  "minecraft:recipes/building_blocks/deepslate_bricks_from_cobbled_deepslate_stonecutting": {
    "criteria": {
      "has_cobbled_deepslate": "2024-07-27 05:53:54 +0000"
    },
    "done": true
  },
  "minecraft:adventure/adventuring_time": {
    "criteria": {
      "minecraft:birch_forest": "2024-07-27 05:12:30 +0000",
      "minecraft:beach": "2024-07-23 23:08:55 +0000",
      "minecraft:dark_forest": "2024-07-24 22:52:58 +0000",
      "minecraft:river": "2024-07-27 05:11:58 +0000",
      "minecraft:dripstone_caves": "2024-07-30 03:02:05 +0000",
      "minecraft:forest": "2024-07-27 05:20:15 +0000",
      "minecraft:ocean": "2024-07-24 22:51:36 +0000",
      "minecraft:old_growth_birch_forest": "2024-07-27 05:12:04 +0000",
      "minecraft:savanna": "2024-07-27 05:27:35 +0000",
      "minecraft:plains": "2024-07-30 02:17:49 +0000"
    },
    "done": false
  },
  "minecraft:recipes/building_blocks/deepslate_brick_stairs_from_cobbled_deepslate_stonecutting": {
    "criteria": {
      "has_cobbled_deepslate": "2024-07-27 05:53:54 +0000"
    },
    "done": true
  },
  "everycomp:recipes/everycomp/af/blue_skies/maple_bench": {
    "criteria": {
      "has_planks": "2024-07-30 02:30:19 +0000"
    },
    "done": true
  },
  "woodworks:recipes/decorations/acacia_fence_from_acacia_planks_sawing": {
    "criteria": {
      "has_acacia_planks": "2024-07-30 02:37:54 +0000"
    },
    "done": true
  },
  "woodworks:recipes/building_blocks/oak_planks_from_oak_logs_sawing": {
    "criteria": {
      "has_oak_logs": "2024-07-27 05:09:25 +0000"
    },
    "done": true
  },
  "decorative_blocks:recipes/decorative_blocks.general/acacia_seat": {
    "criteria": {
      "has_plank": "2024-07-30 02:37:54 +0000"
    },
    "done": true
  },
  "woodworks:recipes/redstone/dark_oak_trapdoor_from_dark_oak_logs_sawing": {
    "criteria": {
      "has_dark_oak_logs": "2024-07-24 22:53:01 +0000"
    },
    "done": true
  },
  "handcrafted:recipes/misc/white_sheet": {
    "criteria": {
      "has_sheet": "2024-07-24 22:54:32 +0000"
    },
    "done": true
  },
  "aether:recipes/combat/stone_sword_repairing": {
    "criteria": {
      "has_stone_sword": "2024-07-27 05:15:19 +0000"
    },
    "done": true
  },
  "woodworks:recipes/redstone/oak_fence_gate_from_oak_logs_sawing": {
    "criteria": {
      "has_oak_logs": "2024-07-27 05:09:25 +0000"
    },
    "done": true
  },
  "woodworks:recipes/decorations/birch_ladder_from_birch_logs_sawing": {
    "criteria": {
      "has_birch_logs": "2024-07-27 05:15:37 +0000"
    },
    "done": true
  },
  "another_furniture:recipes/white_sofa": {
    "criteria": {
      "has_wool": "2024-07-24 22:54:32 +0000"
    },
    "done": true
  },
  "minecraft:recipes/combat/stone_sword": {
    "criteria": {
      "has_cobblestone": "2024-07-27 05:14:37 +0000"
    },
    "done": true
  },
  "aether:recipes/tools/stone_axe_repairing": {
    "criteria": {
      "has_stone_axe": "2024-07-27 05:15:28 +0000"
    },
    "done": true
  },
  "everycomp:recipes/everycomp/bp/blue_skies/maple_backpack_shelf": {
    "criteria": {
      "has_planks": "2024-07-30 02:30:19 +0000"
    },
    "done": true
  },
  "minecraft:recipes/decorations/barrel": {
    "criteria": {
      "has_planks": "2024-07-24 22:53:43 +0000"
    },
    "done": true
  },
  "minecraft:recipes/decorations/cobblestone_wall": {
    "criteria": {
      "has_cobblestone": "2024-07-27 05:14:37 +0000"
    },
    "done": true
  },
  "blue_skies:recipes/blue_skies_everbright_blocks/turquoise_stonebrick_stairs": {
    "criteria": {
      "has_item": "2024-07-30 02:55:06 +0000"
    },
    "done": true
  },
  "minecraft:recipes/misc/iron_ingot_from_smelting_raw_iron": {
    "criteria": {
      "has_raw_iron": "2024-07-27 05:53:53 +0000"
    },
    "done": true
  },
  "minecraft:recipes/tools/stone_pickaxe": {
    "criteria": {
      "has_cobblestone": "2024-07-27 05:14:37 +0000"
    },
    "done": true
  },
  "woodworks:recipes/building_blocks/jungle_bookshelf": {
    "criteria": {
      "has_book": "2024-07-27 05:36:02 +0000"
    },
    "done": true
  },
  "vinery:oak_wine_rack_big": {
    "criteria": {
      "has_oak_planks": "2024-07-27 05:14:25 +0000"
    },
    "done": true
  },
  "blue_skies:recipes/blue_skies_everdawn_blocks/lunar_stonebrick_wall_stonecutting_lunar_stonebrick": {
    "criteria": {
      "has_item": "2024-07-30 02:55:20 +0000"
    },
    "done": true
  },
  "twigs:recipes/tables/oak_table": {
    "criteria": {
      "has_bamboo": "2024-07-27 05:14:25 +0000"
    },
    "done": true
  },
  "minecraft:recipes/building_blocks/deepslate_brick_slab_from_cobbled_deepslate_stonecutting": {
    "criteria": {
      "has_cobbled_deepslate": "2024-07-27 05:53:54 +0000"
    },
    "done": true
  },
  "incubation:recipes/food/fried_egg_from_smoking": {
    "criteria": {
      "has_eggs": "2024-07-30 02:49:41 +0000"
    },
    "done": true
  },
  "woodworks:recipes/decorations/dark_oak_chest": {
    "criteria": {
      "has_lots_of_items": "2024-07-24 22:58:47 +0000"
    },
    "done": true
  },
  "bambooeverything:recipes/bamboo_slab": {
    "criteria": {
      "has_bundle": "2024-07-23 23:08:54 +0000"
    },
    "done": true
  },
  "aether:recipes/combat/white_cape": {
    "criteria": {
      "has_white_wool": "2024-07-24 22:54:32 +0000"
    },
    "done": true
  },
  "minecraft:recipes/decorations/cobblestone_wall_from_cobblestone_stonecutting": {
    "criteria": {
      "has_cobblestone": "2024-07-27 05:14:37 +0000"
    },
    "done": true
  },
  "blue_skies:recipes/blue_skies_everdawn_blocks/maple_door": {
    "criteria": {
      "has_item": "2024-07-30 02:30:19 +0000"
    },
    "done": true
  },
  "farmersdelight:recipes/farmersdelight/cooking/pumpkin_soup": {
    "criteria": {
      "has_any_ingredient": "2024-07-24 22:55:00 +0000"
    },
    "done": true
  },
  "minecraft:recipes/decorations/acacia_sign": {
    "criteria": {
      "has_planks": "2024-07-30 02:37:54 +0000"
    },
    "done": true
  },
  "backpacked:recipes/backpacked/birch_backpack_shelf": {
    "criteria": {
      "has_stick": "2024-07-24 22:53:46 +0000"
    },
    "done": true
  },
  "dungeons_arise:wda_root": {
    "criteria": {
      "WDA": "2024-07-23 23:08:53 +0000"
    },
    "done": true
  },
  "blue_skies:recipes/blue_skies_blocks/moonstone_pressure_plate": {
    "criteria": {
      "has_item": "2024-07-30 02:22:41 +0000"
    },
    "done": true
  },
  "environmental:recipes/transportation/wisteria_boat": {
    "criteria": {
      "in_water": "2024-07-24 22:51:34 +0000"
    },
    "done": true
  },
  "vinery:campfire": {
    "criteria": {
      "has_stick": "2024-07-24 22:53:47 +0000",
      "has_the_recipe": "2024-07-24 22:53:46 +0000"
    },
    "done": true
  },
  "another_furniture:recipes/oak_shelf": {
    "criteria": {
      "has_planks": "2024-07-27 05:14:25 +0000"
    },
    "done": true
  },
  "another_furniture:recipes/acacia_shelf": {
    "criteria": {
      "has_planks": "2024-07-30 02:37:54 +0000"
    },
    "done": true
  },
  "woodworks:recipes/building_blocks/oak_stairs_from_oak_logs_sawing": {
    "criteria": {
      "has_oak_logs": "2024-07-27 05:09:25 +0000"
    },
    "done": true
  },
  "another_furniture:recipes/acacia_chair": {
    "criteria": {
      "has_planks": "2024-07-30 02:37:54 +0000"
    },
    "done": true
  },
  "delightful:recipes/food/cooking/coconut_curry": {
    "criteria": {
      "has_coconut": "2024-07-27 05:19:47 +0000"
    },
    "done": true
  },
  "handcrafted:recipes/misc/white_cushion": {
    "criteria": {
      "has_cushion": "2024-07-24 22:54:32 +0000"
    },
    "done": true
  },
  "blue_skies:recipes/blue_skies_everdawn_blocks/maple_bookshelf": {
    "criteria": {
      "has_item": "2024-07-27 05:36:02 +0000"
    },
    "done": true
  },
  "windswept:recipes/transportation/chestnut_boat": {
    "criteria": {
      "in_water": "2024-07-24 22:51:34 +0000"
    },
    "done": true
  },
  "woodworks:recipes/redstone/oak_button_from_oak_logs_sawing": {
    "criteria": {
      "has_oak_logs": "2024-07-27 05:09:25 +0000"
    },
    "done": true
  },
  "everycomp:recipes/everycomp/db/blue_skies/maple_seat": {
    "criteria": {
      "has_planks": "2024-07-30 02:30:19 +0000"
    },
    "done": true
  },
  "minecraft:recipes/building_blocks/cobbled_deepslate_slab_from_cobbled_deepslate_stonecutting": {
    "criteria": {
      "has_cobbled_deepslate": "2024-07-27 05:53:54 +0000"
    },
    "done": true
  },
  "minecraft:recipes/building_blocks/light_gray_wool": {
    "criteria": {
      "has_white_wool": "2024-07-24 22:54:32 +0000"
    },
    "done": true
  },
  "minecraft:recipes/food/cooked_chicken": {
    "criteria": {
      "has_chicken": "2024-07-30 02:37:27 +0000"
    },
    "done": true
  },
  "minecraft:recipes/building_blocks/red_wool": {
    "criteria": {
      "has_white_wool": "2024-07-24 22:54:32 +0000"
    },
    "done": true
  },
  "minecraft:recipes/building_blocks/acacia_stairs": {
    "criteria": {
      "has_planks": "2024-07-30 02:37:54 +0000"
    },
    "done": true
  },
  "minecraft:recipes/tools/stone_axe": {
    "criteria": {
      "has_cobblestone": "2024-07-27 05:14:37 +0000"
    },
    "done": true
  },
  "minecraft:recipes/food/cooked_mutton": {
    "criteria": {
      "has_mutton": "2024-07-24 22:54:32 +0000"
    },
    "done": true
  },
  "minecraft:recipes/building_blocks/raw_iron_block": {
    "criteria": {
      "has_raw_iron": "2024-07-27 05:53:53 +0000"
    },
    "done": true
  },
  "immersive_weathering:immersive_weathering/dirts": {
    "criteria": {
      "dirt": "2024-07-27 05:16:55 +0000"
    },
    "done": false
  },
  "blue_skies:recipes/blue_skies_blocks/ventium_block": {
    "criteria": {
      "has_item": "2024-07-30 02:22:17 +0000"
    },
    "done": true
  },
  "ecologics:recipes/ecologics/crab_meat_from_smoking": {
    "criteria": {
      "crab_meat": "2024-07-27 05:19:56 +0000"
    },
    "done": true
  },
  "vinery:cherry_fence_gate": {
    "criteria": {
      "has_stick": "2024-07-24 22:53:47 +0000"
    },
    "done": true
  },
  "woodworks:recipes/redstone/acacia_trapdoor_from_acacia_logs_sawing": {
    "criteria": {
      "has_acacia_logs": "2024-07-30 02:37:46 +0000"
    },
    "done": true
  },
  "minecraft:recipes/building_blocks/purple_wool": {
    "criteria": {
      "has_white_wool": "2024-07-24 22:54:32 +0000"
    },
    "done": true
  },
  "everycomp:recipes/everycomp/faf/blue_skies/maple_beehive": {
    "criteria": {
      "has_planks": "2024-07-30 02:30:19 +0000"
    },
    "done": true
  },
  "twigs:recipes/cobblestone_bricks/cobblestone_brick_wall_from_cobblestone_stonecutting": {
    "criteria": {
      "has_item": "2024-07-27 05:14:37 +0000"
    },
    "done": true
  },
  "minecraft:recipes/building_blocks/cobblestone_stairs_from_cobblestone_stonecutting": {
    "criteria": {
      "has_cobblestone": "2024-07-27 05:14:37 +0000"
    },
    "done": true
  },
  "another_furniture:recipes/black_tall_stool": {
    "criteria": {
      "has_wool": "2024-07-30 02:22:12 +0000"
    },
    "done": true
  },
  "comforts:hammock_black": {
    "criteria": {
      "has_black_wool": "2024-07-30 02:22:12 +0000"
    },
    "done": true
  },
  "farmersdelight:recipes/farmersdelight/cooking/chicken_soup": {
    "criteria": {
      "has_any_ingredient": "2024-07-30 02:37:27 +0000"
    },
    "done": true
  },
  "minecraft:recipes/building_blocks/magenta_concrete_powder": {
    "criteria": {
      "has_sand": "2024-07-25 00:09:55 +0000"
    },
    "done": true
  },
  "woodworks:recipes/decorations/spruce_ladder": {
    "criteria": {
      "has_stick": "2024-07-24 22:53:46 +0000"
    },
    "done": true
  },
  "minecraft:recipes/misc/writable_book": {
    "criteria": {
      "has_book": "2024-07-27 05:36:02 +0000"
    },
    "done": true
  },
  "farmersdelight:recipes/farmersdelight/tomato_crate": {
    "criteria": {
      "has_tomato": "2024-07-30 02:47:46 +0000"
    },
    "done": true
  },
  "minecraft:recipes/misc/wheat": {
    "criteria": {
      "has_hay_block": "2024-07-30 02:21:59 +0000"
    },
    "done": true
  },
  "minecraft:recipes/decorations/white_bed": {
    "criteria": {
      "has_white_wool": "2024-07-24 22:54:32 +0000"
    },
    "done": true
  },
  "bambooeverything:recipes/bamboo_door": {
    "criteria": {
      "has_bundle": "2024-07-23 23:08:54 +0000"
    },
    "done": true
  },
  "minecraft:recipes/decorations/campfire": {
    "criteria": {
      "has_stick": "2024-07-24 22:53:46 +0000"
    },
    "done": true
  },
  "everycomp:recipes/everycomp/db/blue_skies/maple_support": {
    "criteria": {
      "has_planks": "2024-07-30 02:30:19 +0000"
    },
    "done": true
  },
  "woodworks:recipes/decorations/acacia_fence_from_acacia_logs_sawing": {
    "criteria": {
      "has_acacia_logs": "2024-07-30 02:37:46 +0000"
    },
    "done": true
  },
  "twigs:recipes/lamps/lamp": {
    "criteria": {
      "has_item": "2024-07-27 05:48:24 +0000"
    },
    "done": true
  },
  "clayworks:recipes/misc/charcoal_from_baking": {
    "criteria": {
      "has_log": "2024-07-24 22:53:01 +0000"
    },
    "done": true
  },
  "minecraft:recipes/building_blocks/brown_concrete_powder": {
    "criteria": {
      "has_sand": "2024-07-25 00:09:55 +0000"
    },
    "done": true
  },
  "another_furniture:recipes/oak_chair": {
    "criteria": {
      "has_planks": "2024-07-27 05:14:25 +0000"
    },
    "done": true
  },
  "woodworks:recipes/building_blocks/acacia_boards_from_acacia_logs_sawing": {
    "criteria": {
      "has_acacia_logs": "2024-07-30 02:37:46 +0000"
    },
    "done": true
  },
  "decorative_blocks:recipes/decorative_blocks.general/dark_oak_support": {
    "criteria": {
      "has_plank": "2024-07-24 22:53:43 +0000"
    },
    "done": true
  },
  "blue_skies:recipes/blue_skies_combat/maple_spear": {
    "criteria": {
      "has_item": "2024-07-30 02:22:41 +0000"
    },
    "done": true
  },
  "galosphere:recipes/galosphere/silver_ingot_from_blasting_raw_silver": {
    "criteria": {
      "has_raw_silver": "2024-07-27 05:51:00 +0000"
    },
    "done": true
  },
  "minecraft:recipes/building_blocks/deepslate_tile_slab_from_cobbled_deepslate_stonecutting": {
    "criteria": {
      "has_cobbled_deepslate": "2024-07-27 05:53:54 +0000"
    },
    "done": true
  },
  "everycomp:recipes/everycomp/db/blue_skies/maple_beam": {
    "criteria": {
      "has_planks": "2024-07-30 02:30:19 +0000"
    },
    "done": true
  },
  "twigs:recipes/cobblestone_bricks/cobblestone_bricks_stonecutting": {
    "criteria": {
      "has_item": "2024-07-27 05:14:37 +0000"
    },
    "done": true
  },
  "magnumtorch:recipes/decorations/emerald_magnum_torch": {
    "criteria": {
      "has_emerald": "2024-07-27 05:36:05 +0000"
    },
    "done": true
  },
  "backpacked:recipes/backpacked/warped_backpack_shelf": {
    "criteria": {
      "has_stick": "2024-07-24 22:53:47 +0000"
    },
    "done": true
  },
  "woodworks:recipes/decorations/mangrove_ladder": {
    "criteria": {
      "has_stick": "2024-07-24 22:53:47 +0000"
    },
    "done": true
  },
  "blue_skies:recipes/blue_skies_combat/cherry_spear": {
    "criteria": {
      "has_item": "2024-07-30 02:22:41 +0000"
    },
    "done": true
  },
  "galosphere:recipes/galosphere/spectre_flare": {
    "criteria": {
      "has_silver_ingot": "2024-07-30 02:27:17 +0000"
    },
    "done": true
  },
  "minecraft:recipes/building_blocks/cyan_wool": {
    "criteria": {
      "has_white_wool": "2024-07-24 22:54:32 +0000"
    },
    "done": true
  },
  "blue_skies:recipes/blue_skies_everdawn_blocks/lunar_bookshelf": {
    "criteria": {
      "has_item": "2024-07-27 05:36:02 +0000"
    },
    "done": true
  },
  "minecraft:recipes/transportation/spruce_boat": {
    "criteria": {
      "in_water": "2024-07-24 22:51:34 +0000"
    },
    "done": true
  },
  "woodworks:recipes/decorations/warped_chest": {
    "criteria": {
      "has_lots_of_items": "2024-07-24 22:58:47 +0000"
    },
    "done": true
  },
  "twigs:recipes/rocky_dirt": {
    "criteria": {
      "has_item": "2024-07-27 05:28:30 +0000"
    },
    "done": true
  },
  "blue_skies:recipes/blue_skies_everbright_blocks/starlit_bookshelf": {
    "criteria": {
      "has_item": "2024-07-27 05:36:02 +0000"
    },
    "done": true
  },
  "blue_skies:recipes/blue_skies_combat/bluebright_spear": {
    "criteria": {
      "has_item": "2024-07-30 02:22:41 +0000"
    },
    "done": true
  },
  "minecraft:recipes/food/mushroom_stew": {
    "criteria": {
      "has_red_mushroom": "2024-07-30 02:48:39 +0000"
    },
    "done": true
  },
  "another_furniture:recipes/white_stool": {
    "criteria": {
      "has_wool": "2024-07-24 22:54:32 +0000"
    },
    "done": true
  },
  "delightful:recipes/food/cooking/jelly_bottle": {
    "criteria": {
      "has_sweet_fruit": "2024-07-27 05:09:38 +0000"
    },
    "done": true
  },
  "minecraft:recipes/building_blocks/gray_wool": {
    "criteria": {
      "has_white_wool": "2024-07-24 22:54:32 +0000"
    },
    "done": true
  },
  "twigs:recipes/cobblestone_bricks/cobblestone_bricks": {
    "criteria": {
      "has_item": "2024-07-27 05:14:37 +0000"
    },
    "done": true
  },
  "aether:recipes/transportation/skyroot_boat": {
    "criteria": {
      "in_water": "2024-07-24 22:51:34 +0000"
    },
    "done": true
  },
  "another_furniture:recipes/dark_oak_table": {
    "criteria": {
      "has_planks": "2024-07-24 22:53:43 +0000"
    },
    "done": true
  },
  "vinery:dark_oak_wine_rack_big": {
    "criteria": {
      "has_dark_oak_planks": "2024-07-24 22:53:43 +0000"
    },
    "done": true
  },
  "galosphere:recipes/galosphere/sterling_helmet_smithing": {
    "criteria": {
      "has_netherite_ingot": "2024-07-30 02:27:17 +0000"
    },
    "done": true
  },
  "environmental:recipes/building_blocks/wisteria_bookshelf": {
    "criteria": {
      "has_book": "2024-07-27 05:36:02 +0000"
    },
    "done": true
  },
  "farmersdelight:recipes/farmersdelight/steak_and_potatoes": {
    "criteria": {
      "has_baked_potato": "2024-07-27 05:36:28 +0000"
    },
    "done": true
  },
  "woodworks:recipes/building_blocks/birch_stairs_from_birch_logs_sawing": {
    "criteria": {
      "has_birch_logs": "2024-07-27 05:15:37 +0000"
    },
    "done": true
  },
  "minecraft:husbandry/balanced_diet": {
    "criteria": {
      "abnormals_delight:tomato": "2024-07-30 02:47:54 +0000",
      "melon_slice": "2024-07-30 02:50:17 +0000",
      "cooked_porkchop": "2024-07-27 05:17:24 +0000",
      "cooked_mutton": "2024-07-27 05:21:07 +0000",
      "apple": "2024-07-27 05:11:30 +0000",
      "bread": "2024-07-27 05:36:17 +0000",
      "cooked_salmon": "2024-07-30 02:20:34 +0000",
      "porkchop": "2024-07-30 02:41:01 +0000",
      "chicken": "2024-07-30 02:37:31 +0000",
      "buzzier_bees:honey_bread": "2024-07-24 23:01:04 +0000"
    },
    "done": false
  },
  "woodworks:recipes/building_blocks/oak_boards_from_oak_logs_sawing": {
    "criteria": {
      "has_oak_logs": "2024-07-27 05:09:25 +0000"
    },
    "done": true
  },
  "galosphere:recipes/galosphere/sterling_chestplate_smithing": {
    "criteria": {
      "has_netherite_ingot": "2024-07-30 02:27:17 +0000"
    },
    "done": true
  },
  "minecraft:recipes/tools/wooden_hoe": {
    "criteria": {
      "has_stick": "2024-07-24 22:53:47 +0000"
    },
    "done": true
  },
  "woodworks:recipes/redstone/birch_button_from_birch_logs_sawing": {
    "criteria": {
      "has_birch_logs": "2024-07-27 05:15:37 +0000"
    },
    "done": true
  },
  "blue_skies:recipes/blue_skies_tools/maple_pickaxe": {
    "criteria": {
      "has_resource": "2024-07-30 02:30:19 +0000"
    },
    "done": true
  },
  "clayworks:recipes/building_blocks/deepslate_from_baking": {
    "criteria": {
      "has_cobbled_deepslate": "2024-07-27 05:53:54 +0000"
    },
    "done": true
  },
  "woodworks:recipes/decorations/birch_sign_from_birch_logs_sawing": {
    "criteria": {
      "has_birch_logs": "2024-07-27 05:15:37 +0000"
    },
    "done": true
  },
  "windswept:recipes/food/mutton_pie": {
    "criteria": {
      "has_cooked_mutton": "2024-07-27 05:17:47 +0000"
    },
    "done": true
  },
  "incubation:recipes/food/fried_egg_from_campfire_cooking": {
    "criteria": {
      "has_eggs": "2024-07-30 02:49:41 +0000"
    },
    "done": true
  },
  "minecraft:recipes/building_blocks/cobblestone_stairs": {
    "criteria": {
      "has_cobblestone": "2024-07-27 05:14:37 +0000"
    },
    "done": true
  },
  "woodworks:recipes/redstone/acacia_door_from_acacia_logs_sawing": {
    "criteria": {
      "has_acacia_logs": "2024-07-30 02:37:46 +0000"
    },
    "done": true
  },
  "woodworks:recipes/decorations/acacia_ladder": {
    "criteria": {
      "has_stick": "2024-07-24 22:53:46 +0000"
    },
    "done": true
  },
  "decorative_blocks:recipes/decorative_blocks.general/oak_palisade": {
    "criteria": {
      "has_log": "2024-07-27 05:09:25 +0000"
    },
    "done": true
  },
  "delightful:recipes/food/cooking/sinigang_no_ginger_citrus": {
    "criteria": {
      "has_ginger": "2024-07-27 05:09:38 +0000"
    },
    "done": true
  },
  "another_furniture:recipes/white_lamp": {
    "criteria": {
      "has_wool": "2024-07-24 22:54:32 +0000"
    },
    "done": true
  },
  "farmersdelight:recipes/food/cooking/rabbit_stew": {
    "criteria": {
      "has_any_ingredient": "2024-07-27 05:36:28 +0000"
    },
    "done": true
  },
  "aether:recipes/tools/wooden_pickaxe_repairing": {
    "criteria": {
      "has_wooden_pickaxe": "2024-07-27 05:14:35 +0000"
    },
    "done": true
  },
  "farmersdelight:recipes/farmersdelight/grilled_salmon": {
    "criteria": {
      "has_salmon": "2024-07-30 02:19:22 +0000"
    },
    "done": true
  },
  "aether:recipes/combat/wooden_sword_repairing": {
    "criteria": {
      "has_wooden_sword": "2024-07-24 22:54:26 +0000"
    },
    "done": true
  },
  "delightful:recipes/food/cooking/nut_milk": {
    "criteria": {
      "has_nuts": "2024-07-27 05:09:51 +0000"
    },
    "done": true
  },
  "minecraft:recipes/decorations/white_banner": {
    "criteria": {
      "has_white_wool": "2024-07-24 22:54:32 +0000"
    },
    "done": true
  },
  "minecraft:recipes/building_blocks/light_blue_concrete_powder": {
    "criteria": {
      "has_sand": "2024-07-25 00:09:55 +0000"
    },
    "done": true
  },
  "minecraft:recipes/building_blocks/deepslate_tiles_from_cobbled_deepslate_stonecutting": {
    "criteria": {
      "has_cobbled_deepslate": "2024-07-27 05:53:54 +0000"
    },
    "done": true
  },
  "blue_skies:recipes/blue_skies_tools/zeal_lighter": {
    "criteria": {
      "has_item": "2024-07-30 02:22:41 +0000"
    },
    "done": true
  },
  "blue_skies:recipes/blue_skies_everbright_blocks/turquoise_stonebrick_slab": {
    "criteria": {
      "has_item": "2024-07-30 02:55:06 +0000"
    },
    "done": true
  },
  "woodworks:recipes/decorations/oak_ladder": {
    "criteria": {
      "has_stick": "2024-07-24 22:53:47 +0000"
    },
    "done": true
  },
  "backpacked:recipes/backpacked/dark_oak_backpack_shelf": {
    "criteria": {
      "has_stick": "2024-07-24 22:53:47 +0000"
    },
    "done": true
  },
  "blue_skies:recipes/blue_skies_everdawn_blocks/lunar_stonebrick_stairs_stonecutting_lunar_stonebrick": {
    "criteria": {
      "has_item": "2024-07-30 02:55:20 +0000"
    },
    "done": true
  },
  "another_furniture:recipes/dark_oak_chair": {
    "criteria": {
      "has_planks": "2024-07-24 22:53:43 +0000"
    },
    "done": true
  },
  "bambooeverything:recipes/dry_bamboo_bundle_uncrafting": {
    "criteria": {
      "has_dry_bundle": "2024-07-23 23:08:54 +0000"
    },
    "done": true
  },
  "ecologics:recipes/ecologics/seashell_tiles": {
    "criteria": {
      "has_seashell": "2024-07-27 05:14:06 +0000"
    },
    "done": true
  },
  "minecraft:recipes/building_blocks/glass": {
    "criteria": {
      "has_sand": "2024-07-25 00:09:55 +0000"
    },
    "done": true
  },
  "woodworks:recipes/redstone/dark_oak_pressure_plate_from_dark_oak_logs_sawing": {
    "criteria": {
      "has_dark_oak_logs": "2024-07-24 22:53:01 +0000"
    },
    "done": true
  },
  "windswept:recipes/redstone/chestnut_trapped_chest": {
    "criteria": {
      "has_lots_of_items": "2024-07-24 22:58:47 +0000"
    },
    "done": true
  },
  "blue_skies:recipes/blue_skies_everdawn_blocks/dusk_bookshelf": {
    "criteria": {
      "has_item": "2024-07-27 05:36:02 +0000"
    },
    "done": true
  },
  "minecraft:recipes/redstone/oak_fence_gate": {
    "criteria": {
      "has_planks": "2024-07-27 05:14:25 +0000"
    },
    "done": true
  },
  "minecraft:recipes/building_blocks/blightwillow_planks_to_skyroot_bookshelf": {
    "criteria": {
      "has_book": "2024-07-27 05:36:02 +0000"
    },
    "done": true
  },
  "minecraft:recipes/food/cooked_chicken_from_smoking": {
    "criteria": {
      "has_chicken": "2024-07-30 02:37:27 +0000"
    },
    "done": true
  },
  "woodworks:recipes/decorations/jungle_chest": {
    "criteria": {
      "has_lots_of_items": "2024-07-24 22:58:47 +0000"
    },
    "done": true
  },
  "woodworks:recipes/decorations/dark_oak_sign_from_dark_oak_logs_sawing": {
    "criteria": {
      "has_dark_oak_logs": "2024-07-24 22:53:01 +0000"
    },
    "done": true
  },
  "minecraft:recipes/building_blocks/acacia_slab": {
    "criteria": {
      "has_planks": "2024-07-30 02:37:54 +0000"
    },
    "done": true
  },
  "minecraft:recipes/building_blocks/purple_concrete_powder": {
    "criteria": {
      "has_sand": "2024-07-25 00:09:55 +0000"
    },
    "done": true
  },
  "another_furniture:recipes/crimson_drawer": {
    "criteria": {
      "has_planks": "2024-07-24 22:53:47 +0000"
    },
    "done": true
  },
  "woodworks:recipes/building_blocks/acacia_slab_from_acacia_logs_sawing": {
    "criteria": {
      "has_acacia_logs": "2024-07-30 02:37:46 +0000"
    },
    "done": true
  },
  "decorative_blocks:recipes/decorative_blocks.general/acacia_support": {
    "criteria": {
      "has_plank": "2024-07-30 02:37:54 +0000"
    },
    "done": true
  },
  "minecraft:story/mine_stone": {
    "criteria": {
      "get_stone": "2024-07-27 05:14:37 +0000"
    },
    "done": true
  },
  "minecraft:recipes/redstone/target": {
    "criteria": {
      "has_hay_block": "2024-07-30 02:21:59 +0000"
    },
    "done": true
  },
  "minecraft:recipes/decorations/furnace": {
    "criteria": {
      "has_cobblestone": "2024-07-27 05:14:37 +0000"
    },
    "done": true
  },
  "farmersdelight:recipes/farmersdelight/tomato_seeds": {
    "criteria": {
      "has_tomato": "2024-07-30 02:47:46 +0000"
    },
    "done": true
  },
  "minecraft:recipes/misc/charcoal": {
    "criteria": {
      "has_log": "2024-07-24 22:53:01 +0000"
    },
    "done": true
  },
  "minecraft:recipes/building_blocks/orange_wool": {
    "criteria": {
      "has_white_wool": "2024-07-24 22:54:32 +0000"
    },
    "done": true
  },
  "minecraft:recipes/tools/wooden_pickaxe": {
    "criteria": {
      "has_stick": "2024-07-24 22:53:46 +0000"
    },
    "done": true
  },
  "minecraft:recipes/building_blocks/cobbled_deepslate_stairs": {
    "criteria": {
      "has_cobbled_deepslate": "2024-07-27 05:53:54 +0000"
    },
    "done": true
  },
  "minecraft:husbandry/root": {
    "criteria": {
      "consumed_item": "2024-07-24 22:53:57 +0000"
    },
    "done": true
  },
  "clayworks:recipes/decorations/kiln": {
    "criteria": {
      "has_cobblestone": "2024-07-27 05:14:37 +0000"
    },
    "done": true
  },
  "minecraft:recipes/transportation/birch_boat": {
    "criteria": {
      "in_water": "2024-07-24 22:51:34 +0000"
    },
    "done": true
  },
  "blue_skies:recipes/blue_skies_everdawn_blocks/lunar_stonebrick_slab_stonecutting_lunar_stonebrick": {
    "criteria": {
      "has_item": "2024-07-30 02:55:20 +0000"
    },
    "done": true
  },
  "woodworks:recipes/decorations/oak_fence_from_oak_planks_sawing": {
    "criteria": {
      "has_oak_planks": "2024-07-27 05:14:25 +0000"
    },
    "done": true
  },
  "minecraft:recipes/building_blocks/green_concrete_powder": {
    "criteria": {
      "has_sand": "2024-07-25 00:09:55 +0000"
    },
    "done": true
  },
  "woodworks:recipes/building_blocks/birch_bookshelf": {
    "criteria": {
      "has_book": "2024-07-27 05:36:02 +0000"
    },
    "done": true
  },
  "minecraft:recipes/building_blocks/cobbled_deepslate_stairs_from_cobbled_deepslate_stonecutting": {
    "criteria": {
      "has_cobbled_deepslate": "2024-07-27 05:53:54 +0000"
    },
    "done": true
  },
  "woodworks:recipes/building_blocks/oak_bookshelf": {
    "criteria": {
      "has_book": "2024-07-27 05:36:02 +0000"
    },
    "done": true
  },
  "minecraft:recipes/building_blocks/dark_oak_wood": {
    "criteria": {
      "has_log": "2024-07-24 22:53:01 +0000"
    },
    "done": true
  },
  "minecraft:recipes/redstone/acacia_door": {
    "criteria": {
      "has_planks": "2024-07-30 02:37:54 +0000"
    },
    "done": true
  },
  "blue_skies:recipes/blue_skies_everdawn_blocks/maple_button": {
    "criteria": {
      "has_item": "2024-07-30 02:30:19 +0000"
    },
    "done": true
  },
  "everycomp:recipes/everycomp/tf/blue_skies/hollow_maple_log_vertical": {
    "criteria": {
      "has_planks": "2024-07-30 02:30:19 +0000"
    },
    "done": true
  },
  "galosphere:recipes/galosphere/raw_silver_block": {
    "criteria": {
      "has_raw_silver": "2024-07-27 05:51:00 +0000"
    },
    "done": true
  },
  "minecraft:recipes/misc/bowl": {
    "criteria": {
      "has_red_mushroom": "2024-07-30 02:48:39 +0000"
    },
    "done": true
  },
  "minecraft:recipes/food/cooked_salmon_from_campfire_cooking": {
    "criteria": {
      "has_salmon": "2024-07-30 02:19:22 +0000"
    },
    "done": true
  },
  "decorative_blocks:recipes/decorative_blocks.general/birch_palisade": {
    "criteria": {
      "has_log": "2024-07-27 05:15:37 +0000"
    },
    "done": true
  },
  "woodworks:recipes/decorations/dark_oak_ladder_from_dark_oak_logs_sawing": {
    "criteria": {
      "has_dark_oak_logs": "2024-07-24 22:53:01 +0000"
    },
    "done": true
  },
  "farmersdelight:main/root": {
    "criteria": {
      "seeds": "2024-07-23 23:08:54 +0000"
    },
    "done": true
  },
  "handcrafted:recipes/misc/black_sheet": {
    "criteria": {
      "has_sheet": "2024-07-30 02:22:12 +0000"
    },
    "done": true
  },
  "minecraft:recipes/tools/stone_hoe": {
    "criteria": {
      "has_cobblestone": "2024-07-27 05:14:37 +0000"
    },
    "done": true
  },
  "twigs:recipes/tables/dark_oak_table": {
    "criteria": {
      "has_bamboo": "2024-07-24 22:53:43 +0000"
    },
    "done": true
  },
  "minecraft:recipes/building_blocks/dark_oak_stairs": {
    "criteria": {
      "has_planks": "2024-07-24 22:53:43 +0000"
    },
    "done": true
  },
  "woodworks:recipes/building_blocks/oak_boards": {
    "criteria": {
      "has_oak_planks": "2024-07-27 05:14:25 +0000"
    },
    "done": true
  },
  "woodworks:recipes/decorations/oak_fence_from_oak_logs_sawing": {
    "criteria": {
      "has_oak_logs": "2024-07-27 05:09:25 +0000"
    },
    "done": true
  },
  "woodworks:recipes/decorations/oak_chest": {
    "criteria": {
      "has_lots_of_items": "2024-07-24 22:58:47 +0000"
    },
    "done": true
  },
  "farmersdelight:recipes/farmersdelight/cooking/dog_food": {
    "criteria": {
      "has_any_ingredient": "2024-07-24 23:05:41 +0000"
    },
    "done": true
  },
  "galosphere:recipes/galosphere/silver_block": {
    "criteria": {
      "has_silver_ingot": "2024-07-30 02:27:17 +0000"
    },
    "done": true
  },
  "minecraft:adventure/trade": {
    "criteria": {
      "traded": "2024-07-27 05:38:08 +0000"
    },
    "done": true
  },
  "minecraft:recipes/building_blocks/deepslate": {
    "criteria": {
      "has_cobbled_deepslate": "2024-07-27 05:53:54 +0000"
    },
    "done": true
  },
  "woodworks:recipes/redstone/acacia_pressure_plate_from_acacia_logs_sawing": {
    "criteria": {
      "has_acacia_logs": "2024-07-30 02:37:46 +0000"
    },
    "done": true
  },
  "woodworks:recipes/building_blocks/oak_stairs_from_oak_planks_sawing": {
    "criteria": {
      "has_oak_planks": "2024-07-27 05:14:25 +0000"
    },
    "done": true
  },
  "minecraft:recipes/decorations/white_carpet": {
    "criteria": {
      "has_white_wool": "2024-07-24 22:54:32 +0000"
    },
    "done": true
  },
  "minecraft:recipes/decorations/dark_oak_sign": {
    "criteria": {
      "has_planks": "2024-07-24 22:53:43 +0000"
    },
    "done": true
  },
  "minecraft:recipes/building_blocks/springshroom_planks_to_skyroot_bookshelf": {
    "criteria": {
      "has_book": "2024-07-27 05:36:02 +0000"
    },
    "done": true
  },
  "woodworks:recipes/decorations/dark_oak_ladder": {
    "criteria": {
      "has_stick": "2024-07-24 22:53:46 +0000"
    },
    "done": true
  },
  "woodworks:recipes/decorations/acacia_ladder_from_acacia_planks_sawing": {
    "criteria": {
      "has_acacia_planks": "2024-07-30 02:37:54 +0000"
    },
    "done": true
  },
  "woodworks:recipes/building_blocks/oak_boards_from_oak_planks_sawing": {
    "criteria": {
      "has_oak_planks": "2024-07-27 05:14:25 +0000"
    },
    "done": true
  },
  "blue_skies:recipes/blue_skies_tools/maple_sword": {
    "criteria": {
      "has_resource": "2024-07-30 02:30:19 +0000"
    },
    "done": true
  },
  "clayworks:recipes/building_blocks/glass_from_baking": {
    "criteria": {
      "has_sand": "2024-07-25 00:09:55 +0000"
    },
    "done": true
  },
  "frosted_friends:frosted_friends": {
    "criteria": {
      "frosted_friends": "2024-07-23 23:08:53 +0000"
    },
    "done": true
  },
  "naturescompass:natures_compass_log": {
    "criteria": {
      "has_recipe": "2024-07-23 23:08:54 +0000"
    },
    "done": true
  },
  "environmental:recipes/transportation/cherry_boat": {
    "criteria": {
      "in_water": "2024-07-24 22:51:34 +0000"
    },
    "done": true
  },
  "everycomp:recipes/everycomp/af/blue_skies/maple_shutter": {
    "criteria": {
      "has_planks": "2024-07-30 02:30:19 +0000"
    },
    "done": true
  },
  "minecraft:story/upgrade_tools": {
    "criteria": {
      "stone_pickaxe": "2024-07-27 05:14:52 +0000"
    },
    "done": true
  },
  "alexsmobs:alexsmobs/root": {
    "criteria": {
      "useitem": "2024-07-24 23:02:40 +0000"
    },
    "done": true
  },
  "aether_redux:recipes/transportation/glacia_boat": {
    "criteria": {
      "in_water": "2024-07-24 22:51:34 +0000"
    },
    "done": true
  },
  "minecraft:recipes/transportation/oak_boat": {
    "criteria": {
      "in_water": "2024-07-24 22:51:34 +0000"
    },
    "done": true
  },
  "everycomp:recipes/everycomp/af/blue_skies/maple_shelf": {
    "criteria": {
      "has_planks": "2024-07-30 02:30:19 +0000"
    },
    "done": true
  },
  "blue_skies:recipes/blue_skies_everbright_blocks/cracked_turquoise_stonebrick_from_smelting_turquoise_stonebrick": {
    "criteria": {
      "has_item": "2024-07-30 02:55:06 +0000"
    },
    "done": true
  },
  "delightful:recipes/melon_slice": {
    "criteria": {
      "has_mini_melon": "2024-07-30 02:50:00 +0000"
    },
    "done": true
  },
  "bambooeverything:recipes/bamboo_fence": {
    "criteria": {
      "has_bamboo": "2024-07-23 23:08:54 +0000",
      "has_bundle": "2024-07-23 23:08:54 +0000"
    },
    "done": true
  },
  "minecraft:recipes/building_blocks/cyan_concrete_powder": {
    "criteria": {
      "has_sand": "2024-07-25 00:09:55 +0000"
    },
    "done": true
  },
  "another_furniture:recipes/black_curtain": {
    "criteria": {
      "has_wool": "2024-07-30 02:22:12 +0000"
    },
    "done": true
  },
  "woodworks:recipes/decorations/spruce_chest": {
    "criteria": {
      "has_lots_of_items": "2024-07-24 22:58:47 +0000"
    },
    "done": true
  },
  "woodworks:recipes/decorations/crimson_chest": {
    "criteria": {
      "has_lots_of_items": "2024-07-24 22:58:47 +0000"
    },
    "done": true
  },
  "farmersdelight:recipes/farmersdelight/roast_chicken_block": {
    "criteria": {
      "has_cooked_chicken": "2024-07-30 02:54:05 +0000"
    },
    "done": true
  },
  "minecraft:recipes/tools/wooden_axe": {
    "criteria": {
      "has_stick": "2024-07-24 22:53:47 +0000"
    },
    "done": true
  },
  "minecraft:recipes/building_blocks/lime_wool": {
    "criteria": {
      "has_white_wool": "2024-07-24 22:54:32 +0000"
    },
    "done": true
  },
  "blue_skies:recipes/decorations/anvil_compat": {
    "criteria": {
      "has_item": "2024-07-30 02:22:17 +0000"
    },
    "done": true
  },
  "ecologics:recipes/ecologics/coconut_boat": {
    "criteria": {
      "in_water": "2024-07-24 22:51:34 +0000"
    },
    "done": true
  },
  "woodworks:recipes/redstone/oak_door_from_oak_logs_sawing": {
    "criteria": {
      "has_oak_logs": "2024-07-27 05:09:25 +0000"
    },
    "done": true
  },
  "twigs:recipes/cobblestone_bricks/cobblestone_brick_stairs_from_cobblestone_stonecutting": {
    "criteria": {
      "has_item": "2024-07-27 05:14:37 +0000"
    },
    "done": true
  },
  "backpacked:recipes/backpacked/crimson_backpack_shelf": {
    "criteria": {
      "has_stick": "2024-07-24 22:53:46 +0000"
    },
    "done": true
  },
  "another_furniture:recipes/furniture_hammer": {
    "criteria": {
      "has_stick": "2024-07-24 22:53:47 +0000"
    },
    "done": true
  },
  "minecraft:recipes/building_blocks/green_wool": {
    "criteria": {
      "has_white_wool": "2024-07-24 22:54:32 +0000"
    },
    "done": true
  },
  "environmental:recipes/decorations/wisteria_chest": {
    "criteria": {
      "has_lots_of_items": "2024-07-24 22:58:47 +0000"
    },
    "done": true
  },
  "woodworks:recipes/building_blocks/oak_slab_from_oak_logs_sawing": {
    "criteria": {
      "has_oak_logs": "2024-07-27 05:09:25 +0000"
    },
    "done": true
  },
  "minecraft:recipes/building_blocks/brown_wool": {
    "criteria": {
      "has_white_wool": "2024-07-24 22:54:32 +0000"
    },
    "done": true
  },
  "bambooeverything:recipes/dry_bamboo_ladder": {
    "criteria": {
      "has_dry_bamboo": "2024-07-23 23:08:54 +0000"
    },
    "done": true
  },
  "vinery:stackable_log": {
    "criteria": {
      "has_oak_log": "2024-07-27 05:09:25 +0000"
    },
    "done": true
  },
  "farmersdelight:recipes/farmersdelight/cooking/pasta_with_mutton_chop": {
    "criteria": {
      "has_any_ingredient": "2024-07-24 22:54:32 +0000"
    },
    "done": true
  },
  "everycomp:recipes/everycomp/af/blue_skies/maple_planter_box": {
    "criteria": {
      "has_planks": "2024-07-30 02:30:19 +0000"
    },
    "done": true
  },
  "minecraft:recipes/decorations/painting": {
    "criteria": {
      "has_wool": "2024-07-24 22:54:32 +0000"
    },
    "done": true
  },
  "woodworks:recipes/redstone/acacia_button_from_acacia_planks_sawing": {
    "criteria": {
      "has_acacia_planks": "2024-07-30 02:37:54 +0000"
    },
    "done": true
  },
  "farmersdelight:recipes/farmersdelight/cooking/ratatouille": {
    "criteria": {
      "has_any_ingredient": "2024-07-30 02:47:46 +0000"
    },
    "done": true
  },
  "another_furniture:recipes/birch_drawer": {
    "criteria": {
      "has_planks": "2024-07-24 22:53:47 +0000"
    },
    "done": true
  },
  "blue_skies:recipes/blue_skies_everdawn_blocks/maple_trapdoor": {
    "criteria": {
      "has_item": "2024-07-30 02:30:19 +0000"
    },
    "done": true
  },
  "delightful:recipes/storage/acorn_storage_block": {
    "criteria": {
      "has_acorn": "2024-07-27 05:09:51 +0000"
    },
    "done": true
  },
  "minecraft:recipes/combat/arrow": {
    "criteria": {
      "has_feather": "2024-07-27 05:16:28 +0000"
    },
    "done": true
  },
  "minecraft:recipes/decorations/black_carpet": {
    "criteria": {
      "has_black_wool": "2024-07-30 02:22:12 +0000"
    },
    "done": true
  },
  "minecraft:recipes/redstone/acacia_fence_gate": {
    "criteria": {
      "has_planks": "2024-07-30 02:37:54 +0000"
    },
    "done": true
  },
  "minecraft:recipes/building_blocks/coal_block": {
    "criteria": {
      "has_coal": "2024-07-27 05:27:47 +0000"
    },
    "done": true
  },
  "everycomp:recipes/everycomp/af/blue_skies/maple_table": {
    "criteria": {
      "has_planks": "2024-07-30 02:30:19 +0000"
    },
    "done": true
  },
  "farmersdelight:recipes/food/cooking/mushroom_stew": {
    "criteria": {
      "has_any_ingredient": "2024-07-30 02:48:39 +0000"
    },
    "done": true
  },
  "minecraft:recipes/tools/stone_shovel": {
    "criteria": {
      "has_cobblestone": "2024-07-27 05:14:37 +0000"
    },
    "done": true
  },
  "blue_skies:recipes/blue_skies_everdawn_blocks/maple_pressure_plate": {
    "criteria": {
      "has_item": "2024-07-30 02:30:19 +0000"
    },
    "done": true
  },
  "farmersdelight:main/get_fd_seed": {
    "criteria": {
      "tomato_seeds": "2024-07-30 02:47:45 +0000"
    },
    "done": true
  },
  "woodworks:recipes/building_blocks/dark_oak_stairs_from_dark_oak_logs_sawing": {
    "criteria": {
      "has_dark_oak_logs": "2024-07-24 22:53:01 +0000"
    },
    "done": true
  },
  "minecraft:recipes/building_blocks/blue_concrete_powder": {
    "criteria": {
      "has_sand": "2024-07-25 00:09:55 +0000"
    },
    "done": true
  },
  "blue_skies:recipes/blue_skies_misc/ventium_nugget_from_ingot": {
    "criteria": {
      "has_item": "2024-07-30 02:22:17 +0000"
    },
    "done": true
  },
  "environmental:recipes/transportation/willow_boat": {
    "criteria": {
      "in_water": "2024-07-24 22:51:34 +0000"
    },
    "done": true
  },
  "minecraft:recipes/building_blocks/glacia_planks_to_skyroot_bookshelf": {
    "criteria": {
      "has_book": "2024-07-27 05:36:02 +0000"
    },
    "done": true
  },
  "farmersdelight:recipes/farmersdelight/cooking/mushroom_rice": {
    "criteria": {
      "has_any_ingredient": "2024-07-30 02:48:39 +0000"
    },
    "done": true
  },
  "woodworks:recipes/building_blocks/mangrove_bookshelf": {
    "criteria": {
      "has_book": "2024-07-27 05:36:02 +0000"
    },
    "done": true
  },
  "cataclysm:root": {
    "criteria": {
      "custom_test_name": "2024-07-23 23:08:53 +0000"
    },
    "done": true
  },
  "everycomp:recipes/everycomp/tw/blue_skies/maple_table": {
    "criteria": {
      "has_planks": "2024-07-30 02:30:19 +0000"
    },
    "done": true
  },
  "bambooeverything:recipes/dry_bamboo_bundle": {
    "criteria": {
      "has_dry_bamboo": "2024-07-23 23:08:54 +0000"
    },
    "done": true
  },
  "woodworks:recipes/decorations/oak_sign_from_oak_logs_sawing": {
    "criteria": {
      "has_oak_logs": "2024-07-27 05:09:25 +0000"
    },
    "done": true
  },
  "blue_skies:recipes/blue_skies_misc/maple_stick": {
    "criteria": {
      "has_item": "2024-07-30 02:30:19 +0000"
    },
    "done": true
  },
  "blue_skies:recipes/blue_skies_blocks/tool_box": {
    "criteria": {
      "has_item": "2024-07-30 02:22:17 +0000"
    },
    "done": true
  },
  "blue_skies:recipes/blue_skies_blocks/food_prep_table": {
    "criteria": {
      "has_item": "2024-07-27 05:16:34 +0000"
    },
    "done": true
  },
  "vinery:acacia_wine_rack_small": {
    "criteria": {
      "has_acacia_planks": "2024-07-30 02:37:54 +0000"
    },
    "done": true
  },
  "incubation:recipes/food/fried_egg": {
    "criteria": {
      "has_eggs": "2024-07-30 02:49:41 +0000"
    },
    "done": true
  },
  "minecraft:recipes/redstone/acacia_trapdoor": {
    "criteria": {
      "has_planks": "2024-07-30 02:37:54 +0000"
    },
    "done": true
  },
  "farmersdelight:recipes/farmersdelight/shepherds_pie_block": {
    "criteria": {
      "has_cooked_mutton": "2024-07-27 05:17:47 +0000"
    },
    "done": true
  },
  "minecraft:recipes/redstone/oak_pressure_plate": {
    "criteria": {
      "has_planks": "2024-07-27 05:14:25 +0000"
    },
    "done": true
  },
  "aether:recipes/tools/stone_pickaxe_repairing": {
    "criteria": {
      "has_stone_pickaxe": "2024-07-27 05:14:52 +0000"
    },
    "done": true
  },
  "handcrafted:recipes/misc/black_cushion": {
    "criteria": {
      "has_cushion": "2024-07-30 02:22:12 +0000"
    },
    "done": true
  },
  "woodworks:recipes/building_blocks/acacia_stairs_from_acacia_planks_sawing": {
    "criteria": {
      "has_acacia_planks": "2024-07-30 02:37:54 +0000"
    },
    "done": true
  },
  "decorative_blocks:recipes/decorative_blocks.general/chandelier": {
    "criteria": {
      "has_torch": "2024-07-27 05:48:24 +0000"
    },
    "done": true
  },
  "minecraft:recipes/building_blocks/polished_deepslate_stairs_from_cobbled_deepslate_stonecutting": {
    "criteria": {
      "has_cobbled_deepslate": "2024-07-27 05:53:54 +0000"
    },
    "done": true
  },
  "everycomp:recipes/everycomp/db/blue_skies/maple_palisade": {
    "criteria": {
      "has_planks": "2024-07-30 02:30:19 +0000"
    },
    "done": true
  },
  "another_furniture:recipes/white_tall_stool": {
    "criteria": {
      "has_wool": "2024-07-24 22:54:32 +0000"
    },
    "done": true
  },
  "woodworks:recipes/building_blocks/dark_oak_boards_from_dark_oak_logs_sawing": {
    "criteria": {
      "has_dark_oak_logs": "2024-07-24 22:53:01 +0000"
    },
    "done": true
  },
  "blue_skies:recipes/blue_skies_tools/maple_hoe": {
    "criteria": {
      "has_resource": "2024-07-30 02:30:19 +0000"
    },
    "done": true
  },
  "minecraft:recipes/building_blocks/oak_wood": {
    "criteria": {
      "has_log": "2024-07-27 05:09:25 +0000"
    },
    "done": true
  },
  "minecraft:recipes/food/cooked_salmon": {
    "criteria": {
      "has_salmon": "2024-07-30 02:19:22 +0000"
    },
    "done": true
  },
  "everycomp:recipes/everycomp/tf/blue_skies/maple_banister": {
    "criteria": {
      "has_planks": "2024-07-30 02:30:19 +0000"
    },
    "done": true
  },
  "minecraft:story/root": {
    "criteria": {
      "crafting_table": "2024-07-24 22:53:46 +0000"
    },
    "done": true
  },
  "farmersdelight:recipes/farmersdelight/cooking/noodle_soup": {
    "criteria": {
      "has_any_ingredient": "2024-07-24 22:55:00 +0000"
    },
    "done": true
  },
  "blue_skies:recipes/blue_skies_combat/lunar_spear": {
    "criteria": {
      "has_item": "2024-07-30 02:22:41 +0000"
    },
    "done": true
  },
  "another_furniture:recipes/black_stool": {
    "criteria": {
      "has_wool": "2024-07-30 02:22:12 +0000"
    },
    "done": true
  },
  "environmental:recipes/decorations/willow_chest": {
    "criteria": {
      "has_lots_of_items": "2024-07-24 22:58:47 +0000"
    },
    "done": true
  },
  "woodworks:recipes/redstone/birch_door_from_birch_logs_sawing": {
    "criteria": {
      "has_birch_logs": "2024-07-27 05:15:37 +0000"
    },
    "done": true
  },
  "backpacked:recipes/backpacked/spruce_backpack_shelf": {
    "criteria": {
      "has_stick": "2024-07-24 22:53:47 +0000"
    },
    "done": true
  },
  "twigs:recipes/bone_meal_from_seashells": {
    "criteria": {
      "has_item": "2024-07-27 05:13:58 +0000"
    },
    "done": true
  },
  "woodworks:recipes/building_blocks/acacia_boards": {
    "criteria": {
      "has_acacia_planks": "2024-07-30 02:37:54 +0000"
    },
    "done": true
  },
  "windswept:recipes/redstone/holly_trapped_chest": {
    "criteria": {
      "has_lots_of_items": "2024-07-24 22:58:47 +0000"
    },
    "done": true
  },
  "decorative_blocks:recipes/decorative_blocks.general/oak_seat": {
    "criteria": {
      "has_plank": "2024-07-27 05:14:25 +0000"
    },
    "done": true
  },
  "aether_redux:recipes/transportation/fieldsprout_boat": {
    "criteria": {
      "in_water": "2024-07-24 22:51:34 +0000"
    },
    "done": true
  },
  "minecraft:recipes/building_blocks/fieldsprout_planks_to_skyroot_bookshelf": {
    "criteria": {
      "has_book": "2024-07-27 05:36:02 +0000"
    },
    "done": true
  },
  "minecraft:recipes/building_blocks/acacia_planks": {
    "criteria": {
      "has_log": "2024-07-30 02:37:46 +0000"
    },
    "done": true
  },
  "minecraft:recipes/redstone/oak_button": {
    "criteria": {
      "has_planks": "2024-07-27 05:14:25 +0000"
    },
    "done": true
  },
  "backpacked:recipes/backpacked/acacia_backpack_shelf": {
    "criteria": {
      "has_stick": "2024-07-24 22:53:47 +0000"
    },
    "done": true
  },
  "byg:root": {
    "criteria": {
      "tick": "2024-07-23 23:08:53 +0000"
    },
    "done": true
  },
  "byg:adventure/oh_the_biomes_youll_go": {
    "criteria": {
      "byg:allium_fields": "2024-07-30 02:21:26 +0000",
      "byg:prairie": "2024-07-30 03:00:22 +0000",
      "byg:temperate_grove": "2024-07-30 03:01:36 +0000",
      "byg:basalt_barrera": "2024-07-27 05:24:06 +0000"
    },
    "done": false
  },
  "farmersdelight:recipes/farmersdelight/flint_knife": {
    "criteria": {
      "has_stick": "2024-07-24 22:53:46 +0000"
    },
    "done": true
  },
  "farmersdelight:recipes/farmersdelight/melon_juice": {
    "criteria": {
      "has_melon_slice": "2024-07-30 02:50:08 +0000"
    },
    "done": true
  },
  "woodworks:recipes/decorations/dark_oak_ladder_from_dark_oak_planks_sawing": {
    "criteria": {
      "has_dark_oak_planks": "2024-07-24 22:53:43 +0000"
    },
    "done": true
  },
  "alexsmobs:alexsmobs/acacia_blossom": {
    "criteria": {
      "acacia_blossom": "2024-07-27 05:30:01 +0000"
    },
    "done": true
  },
  "woodworks:recipes/building_blocks/crimson_bookshelf": {
    "criteria": {
      "has_book": "2024-07-27 05:36:02 +0000"
    },
    "done": true
  },
  "minecraft:recipes/redstone/dark_oak_pressure_plate": {
    "criteria": {
      "has_planks": "2024-07-24 22:53:43 +0000"
    },
    "done": true
  },
  "galosphere:recipes/galosphere/silver_lattice": {
    "criteria": {
      "has_silver_ingot": "2024-07-30 02:27:17 +0000"
    },
    "done": true
  },
  "woodworks:recipes/redstone/acacia_button_from_acacia_logs_sawing": {
    "criteria": {
      "has_acacia_logs": "2024-07-30 02:37:46 +0000"
    },
    "done": true
  },
  "farmersdelight:recipes/farmersdelight/stuffed_potato": {
    "criteria": {
      "has_baked_potato": "2024-07-27 05:36:28 +0000"
    },
    "done": true
  },
  "bambooeverything:recipes/bamboo_stairs": {
    "criteria": {
      "has_bundle": "2024-07-23 23:08:54 +0000"
    },
    "done": true
  },
  "decorative_blocks:recipes/decorations/torch_from_chandelier": {
    "criteria": {
      "has_torch": "2024-07-27 05:48:24 +0000"
    },
    "done": true
  },
  "byg:husbandry/root": {
    "criteria": {
      "consumed_item": "2024-07-24 22:53:57 +0000"
    },
    "done": true
  },
  "blue_skies:get_moonstone_shard": {
    "criteria": {
      "obtain_moonstone_shard": "2024-07-30 02:22:41 +0000"
    },
    "done": true
  },
  "blue_skies:recipes/blue_skies_tools/ventium_shears": {
    "criteria": {
      "has_item": "2024-07-30 02:22:17 +0000"
    },
    "done": true
  },
  "woodworks:recipes/building_blocks/birch_slab_from_birch_logs_sawing": {
    "criteria": {
      "has_birch_logs": "2024-07-27 05:15:37 +0000"
    },
    "done": true
  },
  "incubation:recipes/food/scrambled_eggs": {
    "criteria": {
      "has_eggs": "2024-07-30 02:49:41 +0000"
    },
    "done": true
  },
  "blue_skies:recipes/blue_skies_everdawn_blocks/maple_fence_gate": {
    "criteria": {
      "has_item": "2024-07-30 02:30:19 +0000"
    },
    "done": true
  },
  "backpacked:recipes/backpacked/jungle_backpack_shelf": {
    "criteria": {
      "has_stick": "2024-07-24 22:53:47 +0000"
    },
    "done": true
  },
  "minecraft:recipes/redstone/oak_door": {
    "criteria": {
      "has_planks": "2024-07-27 05:14:25 +0000"
    },
    "done": true
  },
  "aether:recipes/decorations/skyroot_chest": {
    "criteria": {
      "has_lots_of_items": "2024-07-24 22:58:47 +0000"
    },
    "done": true
  },
  "another_furniture:recipes/black_lamp": {
    "criteria": {
      "has_wool": "2024-07-30 02:22:12 +0000"
    },
    "done": true
  },
  "another_furniture:recipes/acacia_drawer": {
    "criteria": {
      "has_planks": "2024-07-24 22:53:46 +0000"
    },
    "done": true
  },
  "minecraft:recipes/transportation/jungle_boat": {
    "criteria": {
      "in_water": "2024-07-24 22:51:34 +0000"
    },
    "done": true
  },
  "woodworks:recipes/redstone/birch_pressure_plate_from_birch_logs_sawing": {
    "criteria": {
      "has_birch_logs": "2024-07-27 05:15:37 +0000"
    },
    "done": true
  },
  "galosphere:adventure/silver_ingot": {
    "criteria": {
      "silver_ingot": "2024-07-30 02:27:17 +0000"
    },
    "done": true
  },
  "windswept:recipes/transportation/holly_boat": {
    "criteria": {
      "in_water": "2024-07-24 22:51:34 +0000"
    },
    "done": true
  },
  "aether:recipes/combat/golden_dart": {
    "criteria": {
      "has_feather": "2024-07-27 05:16:28 +0000"
    },
    "done": true
  },
  "galosphere:recipes/galosphere/silver_nugget": {
    "criteria": {
      "has_silver_ingot": "2024-07-30 02:27:17 +0000"
    },
    "done": true
  },
  "minecraft:recipes/transportation/dark_oak_boat": {
    "criteria": {
      "in_water": "2024-07-24 22:51:34 +0000"
    },
    "done": true
  },
  "minecraft:recipes/building_blocks/pink_wool": {
    "criteria": {
      "has_white_wool": "2024-07-24 22:54:32 +0000"
    },
    "done": true
  },
  "another_furniture:recipes/oak_table": {
    "criteria": {
      "has_planks": "2024-07-27 05:14:25 +0000"
    },
    "done": true
  },
  "woodworks:recipes/redstone/birch_trapdoor_from_birch_logs_sawing": {
    "criteria": {
      "has_birch_logs": "2024-07-27 05:15:37 +0000"
    },
    "done": true
  },
  "woodworks:recipes/building_blocks/warped_bookshelf": {
    "criteria": {
      "has_book": "2024-07-27 05:36:02 +0000"
    },
    "done": true
  },
  "woodworks:recipes/redstone/dark_oak_fence_gate_from_dark_oak_logs_sawing": {
    "criteria": {
      "has_dark_oak_logs": "2024-07-24 22:53:01 +0000"
    },
    "done": true
  },
  "aether:recipes/misc/book_of_lore": {
    "criteria": {
      "has_book": "2024-07-27 05:36:02 +0000"
    },
    "done": true
  },
  "usefulbackpacks:recipes/backpack_small": {
    "criteria": {
      "has_wool": "2024-07-30 02:13:51 +0000"
    },
    "done": true
  },
  "blue_skies:recipes/blue_skies_everdawn_blocks/maple_crafting_table": {
    "criteria": {
      "has_item": "2024-07-30 02:30:19 +0000"
    },
    "done": true
  },
  "blue_skies:recipes/blue_skies_everdawn_blocks/maple_sign": {
    "criteria": {
      "has_item": "2024-07-30 02:30:19 +0000"
    },
    "done": true
  },
  "blue_skies:recipes/blue_skies_everdawn_blocks/maple_ladder": {
    "criteria": {
      "has_item": "2024-07-30 02:30:31 +0000"
    },
    "done": true
  },
  "environmental:recipes/decorations/cherry_chest": {
    "criteria": {
      "has_lots_of_items": "2024-07-24 22:58:47 +0000"
    },
    "done": true
  },
  "woodworks:recipes/decorations/mangrove_chest": {
    "criteria": {
      "has_lots_of_items": "2024-07-24 22:58:47 +0000"
    },
    "done": true
  },
  "goodending:recipes/muddy_oak_boat": {
    "criteria": {
      "in_water": "2024-07-24 22:51:34 +0000"
    },
    "done": true
  },
  "blue_skies:recipes/blue_skies_everbright_blocks/turquoise_stonebrick_wall_stonecutting_turquoise_stonebrick": {
    "criteria": {
      "has_item": "2024-07-30 02:55:06 +0000"
    },
    "done": true
  },
  "farmersdelight:recipes/farmersdelight/barbecue_stick": {
    "criteria": {
      "has_tomato": "2024-07-30 02:47:46 +0000"
    },
    "done": true
  },
  "twigs:recipes/stick_from_twig": {
    "criteria": {
      "has_item": "2024-07-27 05:09:36 +0000"
    },
    "done": true
  },
  "blue_skies:recipes/blue_skies_everdawn_blocks/maple_chest": {
    "criteria": {
      "has_item": "2024-07-30 02:30:31 +0000"
    },
    "done": true
  },
  "blue_skies:recipes/blue_skies_everbright_blocks/turquoise_stonebrick_wall": {
    "criteria": {
      "has_item": "2024-07-30 02:55:06 +0000"
    },
    "done": true
  },
  "minecraft:recipes/decorations/dark_oak_fence": {
    "criteria": {
      "has_planks": "2024-07-24 22:53:43 +0000"
    },
    "done": true
  },
  "goodending:recipes/white_dye_from_pollenflake": {
    "criteria": {
      "has_item": "2024-07-27 05:16:28 +0000"
    },
    "done": true
  },
  "environmental:recipes/misc/mud_ball_from_dirt": {
    "criteria": {
      "has_dirt": "2024-07-27 05:16:55 +0000"
    },
    "done": true
  },
  "woodworks:recipes/decorations/acacia_sign_from_acacia_logs_sawing": {
    "criteria": {
      "has_acacia_logs": "2024-07-30 02:37:46 +0000"
    },
    "done": true
  },
  "minecraft:recipes/decorations/soul_campfire": {
    "criteria": {
      "has_stick": "2024-07-24 22:53:46 +0000"
    },
    "done": true
  },
  "farmersdelight:recipes/farmersdelight/cooking/squid_ink_pasta": {
    "criteria": {
      "has_any_ingredient": "2024-07-30 02:47:46 +0000"
    },
    "done": true
  },
  "aether:recipes/tools/wooden_axe_repairing": {
    "criteria": {
      "has_wooden_axe": "2024-07-24 22:55:21 +0000"
    },
    "done": true
  },
  "minecraft:recipes/building_blocks/melon": {
    "criteria": {
      "has_melon": "2024-07-30 02:50:08 +0000"
    },
    "done": true
  },
  "immersive_weathering:recipes/sand": {
    "criteria": {
      "has_copper_block": "2024-07-25 00:09:55 +0000"
    },
    "done": true
  },
  "repurposed_structures:root": {
    "criteria": {
      "always": "2024-07-23 23:08:53 +0000"
    },
    "done": true
  },
  "DataVersion": 3120
}