{
  "upgradednetherite:recipes/essences/feather_essence": {
    "criteria": {
      "has_feather": "2024-07-27 05:11:15 +0000"
    },
    "done": true
  },
  "bambooeverything:recipes/dry_bamboo_fence": {
    "criteria": {
      "has_dry_bundle": "2024-07-25 00:14:53 +0000",
      "has_dry_bamboo": "2024-07-25 00:14:53 +0000"
    },
    "done": true
  },
  "ecologics:recipes/ecologics/walnut_boat": {
    "criteria": {
      "in_water": "2024-07-25 00:21:41 +0000"
    },
    "done": true
  },
  "farmersdelight:recipes/farmersdelight/organic_compost_from_rotten_flesh": {
    "criteria": {
      "has_rotten_flesh": "2024-07-25 00:17:33 +0000"
    },
    "done": true
  },
  "naturescompass:natures_compass": {
    "criteria": {
      "has_compass": "2024-07-25 00:14:53 +0000"
    },
    "done": true
  },
  "woodworks:recipes/decorations/spruce_ladder": {
    "criteria": {
      "has_stick": "2024-07-25 00:20:31 +0000"
    },
    "done": true
  },
  "biomemakeover:biomemakeover/root": {
    "criteria": {
      "enter_mushroom_fields": "2024-07-25 00:14:53 +0000",
      "enter_swamp": "2024-07-25 00:14:53 +0000",
      "enter_dark_forest": "2024-07-25 00:14:53 +0000",
      "enter_badlands": "2024-07-25 00:14:53 +0000"
    },
    "done": true
  },
  "bambooeverything:recipes/bamboo_door": {
    "criteria": {
      "has_bundle": "2024-07-25 00:14:53 +0000"
    },
    "done": true
  },
  "minecraft:recipes/decorations/crafting_table": {
    "criteria": {
      "has_planks": "2024-07-25 00:20:13 +0000"
    },
    "done": true
  },
  "minecraft:recipes/decorations/campfire": {
    "criteria": {
      "has_stick": "2024-07-25 00:20:31 +0000",
      "has_the_recipe": "2024-07-25 00:20:31 +0000"
    },
    "done": true
  },
  "bambooeverything:recipes/dry_bamboo_stairs": {
    "criteria": {
      "has_dry_bundle": "2024-07-25 00:14:53 +0000"
    },
    "done": true
  },
  "vinery:cherry_fence": {
    "criteria": {
      "has_stick": "2024-07-25 00:20:31 +0000"
    },
    "done": true
  },
  "clayworks:recipes/misc/charcoal_from_baking": {
    "criteria": {
      "has_log": "2024-07-25 00:16:43 +0000"
    },
    "done": true
  },
  "ecologics:recipes/ecologics/flowering_azalea_boat": {
    "criteria": {
      "in_water": "2024-07-25 00:21:41 +0000"
    },
    "done": true
  },
  "another_furniture:recipes/oak_chair": {
    "criteria": {
      "has_planks": "2024-07-25 00:20:13 +0000"
    },
    "done": true
  },
  "minecraft:recipes/transportation/mangrove_boat": {
    "criteria": {
      "in_water": "2024-07-25 00:21:41 +0000"
    },
    "done": true
  },
  "minecraft:recipes/tools/wooden_shovel": {
    "criteria": {
      "has_stick": "2024-07-25 00:20:31 +0000"
    },
    "done": true
  },
  "woodworks:recipes/decorations/jungle_ladder": {
    "criteria": {
      "has_stick": "2024-07-25 00:20:31 +0000"
    },
    "done": true
  },
  "backpacked:recipes/backpacked/warped_backpack_shelf": {
    "criteria": {
      "has_stick": "2024-07-25 00:20:31 +0000"
    },
    "done": true
  },
  "woodworks:recipes/decorations/mangrove_ladder": {
    "criteria": {
      "has_stick": "2024-07-25 00:20:31 +0000"
    },
    "done": true
  },
  "minecraft:recipes/misc/stick": {
    "criteria": {
      "has_planks": "2024-07-25 00:20:13 +0000"
    },
    "done": true
  },
  "minecraft:recipes/transportation/spruce_boat": {
    "criteria": {
      "in_water": "2024-07-25 00:21:41 +0000"
    },
    "done": true
  },
  "woodworks:recipes/redstone/oak_button_from_oak_planks_sawing": {
    "criteria": {
      "has_oak_planks": "2024-07-25 00:20:13 +0000"
    },
    "done": true
  },
  "woodworks:recipes/decorations/warped_chest": {
    "criteria": {
      "has_lots_of_items": "2024-07-27 05:09:42 +0000"
    },
    "done": true
  },
  "vinery:oak_wine_rack_small": {
    "criteria": {
      "has_oak_planks": "2024-07-25 00:20:13 +0000"
    },
    "done": true
  },
  "aether_redux:recipes/transportation/cloudcap_boat": {
    "criteria": {
      "in_water": "2024-07-25 00:21:41 +0000"
    },
    "done": true
  },
  "another_furniture:recipes/dark_oak_drawer": {
    "criteria": {
      "has_planks": "2024-07-25 00:20:31 +0000"
    },
    "done": true
  },
  "aether:recipes/transportation/skyroot_boat": {
    "criteria": {
      "in_water": "2024-07-25 00:21:41 +0000"
    },
    "done": true
  },
  "woodworks:recipes/building_blocks/birch_stairs_from_birch_logs_sawing": {
    "criteria": {
      "has_birch_logs": "2024-07-25 00:17:28 +0000"
    },
    "done": true
  },
  "woodworks:recipes/building_blocks/oak_boards_from_oak_logs_sawing": {
    "criteria": {
      "has_oak_logs": "2024-07-25 00:16:43 +0000"
    },
    "done": true
  },
  "minecraft:recipes/tools/wooden_hoe": {
    "criteria": {
      "has_stick": "2024-07-25 00:20:31 +0000"
    },
    "done": true
  },
  "woodworks:recipes/redstone/birch_button_from_birch_logs_sawing": {
    "criteria": {
      "has_birch_logs": "2024-07-25 00:17:28 +0000"
    },
    "done": true
  },
  "environmental:recipes/decorations/willow_ladder": {
    "criteria": {
      "has_stick": "2024-07-25 00:20:31 +0000"
    },
    "done": true
  },
  "decorative_blocks:recipes/decorative_blocks.general/lattice": {
    "criteria": {
      "has_stick": "2024-07-25 00:20:31 +0000"
    },
    "done": true
  },
  "woodworks:recipes/decorations/birch_sign_from_birch_logs_sawing": {
    "criteria": {
      "has_birch_logs": "2024-07-25 00:17:28 +0000"
    },
    "done": true
  },
  "vinery:grapevine_lattice": {
    "criteria": {
      "has_stick": "2024-07-25 00:20:31 +0000"
    },
    "done": true
  },
  "decorative_blocks:recipes/decorative_blocks.general/oak_palisade": {
    "criteria": {
      "has_log": "2024-07-25 00:16:43 +0000"
    },
    "done": true
  },
  "woodworks:recipes/decorations/acacia_ladder": {
    "criteria": {
      "has_stick": "2024-07-25 00:20:31 +0000"
    },
    "done": true
  },
  "woodworks:recipes/decorations/oak_ladder_from_oak_logs_sawing": {
    "criteria": {
      "has_oak_logs": "2024-07-25 00:16:43 +0000"
    },
    "done": true
  },
  "aether:recipes/tools/wooden_pickaxe_repairing": {
    "criteria": {
      "has_wooden_pickaxe": "2024-07-25 00:20:38 +0000"
    },
    "done": true
  },
  "naturescompass:natures_compass_sapling": {
    "criteria": {
      "has_recipe": "2024-07-25 00:14:53 +0000"
    },
    "done": true
  },
  "delightful:recipes/food/cooking/nut_milk": {
    "criteria": {
      "has_nuts": "2024-07-25 00:16:56 +0000"
    },
    "done": true
  },
  "aether:recipes/combat/wooden_sword_repairing": {
    "criteria": {
      "has_wooden_sword": "2024-07-25 00:20:44 +0000"
    },
    "done": true
  },
  "environmental:recipes/food/cooked_venison_from_smoking": {
    "criteria": {
      "has_venison": "2024-07-27 05:11:34 +0000"
    },
    "done": true
  },
  "environmental:recipes/food/cooked_venison": {
    "criteria": {
      "has_venison": "2024-07-27 05:11:34 +0000"
    },
    "done": true
  },
  "bambooeverything:recipes/bamboo_fence_gate": {
    "criteria": {
      "has_bamboo": "2024-07-25 00:14:53 +0000",
      "has_bundle": "2024-07-25 00:14:53 +0000"
    },
    "done": true
  },
  "woodworks:recipes/decorations/oak_ladder": {
    "criteria": {
      "has_stick": "2024-07-25 00:20:31 +0000"
    },
    "done": true
  },
  "backpacked:recipes/backpacked/dark_oak_backpack_shelf": {
    "criteria": {
      "has_stick": "2024-07-25 00:20:31 +0000"
    },
    "done": true
  },
  "bambooeverything:recipes/dry_bamboo_bundle_uncrafting": {
    "criteria": {
      "has_dry_bundle": "2024-07-25 00:14:53 +0000"
    },
    "done": true
  },
  "woodworks:recipes/decorations/crimson_ladder": {
    "criteria": {
      "has_stick": "2024-07-25 00:20:31 +0000"
    },
    "done": true
  },
  "windswept:recipes/redstone/chestnut_trapped_chest": {
    "criteria": {
      "has_lots_of_items": "2024-07-27 05:09:42 +0000"
    },
    "done": true
  },
  "minecraft:recipes/redstone/oak_fence_gate": {
    "criteria": {
      "has_planks": "2024-07-25 00:20:13 +0000"
    },
    "done": true
  },
  "woodworks:recipes/decorations/jungle_chest": {
    "criteria": {
      "has_lots_of_items": "2024-07-27 05:09:42 +0000"
    },
    "done": true
  },
  "aether_redux:recipes/combat/cockatrice_rib_arrow": {
    "criteria": {
      "has_feather": "2024-07-27 05:11:15 +0000"
    },
    "done": true
  },
  "aether_redux:recipes/transportation/blightwillow_boat": {
    "criteria": {
      "in_water": "2024-07-25 00:21:41 +0000"
    },
    "done": true
  },
  "another_furniture:recipes/mangrove_drawer": {
    "criteria": {
      "has_planks": "2024-07-25 00:20:31 +0000"
    },
    "done": true
  },
  "another_furniture:recipes/crimson_drawer": {
    "criteria": {
      "has_planks": "2024-07-25 00:20:31 +0000"
    },
    "done": true
  },
  "takesapillage:root": {
    "criteria": {
      "always": "2024-07-25 00:14:53 +0000"
    },
    "done": true
  },
  "bambooeverything:recipes/bamboo_bundle": {
    "criteria": {
      "has_bamboo": "2024-07-25 00:14:53 +0000"
    },
    "done": true
  },
  "woodworks:recipes/decorations/birch_chest": {
    "criteria": {
      "has_lots_of_items": "2024-07-27 05:09:42 +0000"
    },
    "done": true
  },
  "woodworks:recipes/decorations/oak_ladder_from_oak_planks_sawing": {
    "criteria": {
      "has_oak_planks": "2024-07-25 00:20:13 +0000"
    },
    "done": true
  },
  "minecraft:recipes/misc/charcoal": {
    "criteria": {
      "has_log": "2024-07-25 00:16:43 +0000"
    },
    "done": true
  },
  "bambooeverything:recipes/bamboo_trapdoor": {
    "criteria": {
      "has_bundle": "2024-07-25 00:14:53 +0000"
    },
    "done": true
  },
  "bambooeverything:recipes/dry_bamboo_trapdoor": {
    "criteria": {
      "has_dry_bundle": "2024-07-25 00:14:53 +0000"
    },
    "done": true
  },
  "minecraft:recipes/tools/wooden_pickaxe": {
    "criteria": {
      "has_stick": "2024-07-25 00:20:31 +0000"
    },
    "done": true
  },
  "minecraft:husbandry/root": {
    "criteria": {
      "consumed_item": "2024-07-25 00:17:40 +0000"
    },
    "done": true
  },
  "decorative_blocks:recipes/decorative_blocks.general/oak_support": {
    "criteria": {
      "has_plank": "2024-07-25 00:20:13 +0000"
    },
    "done": true
  },
  "minecraft:recipes/transportation/birch_boat": {
    "criteria": {
      "in_water": "2024-07-25 00:21:41 +0000"
    },
    "done": true
  },
  "minecraft:recipes/building_blocks/oak_stairs": {
    "criteria": {
      "has_planks": "2024-07-25 00:20:13 +0000"
    },
    "done": true
  },
  "woodworks:recipes/decorations/oak_fence_from_oak_planks_sawing": {
    "criteria": {
      "has_oak_planks": "2024-07-25 00:20:13 +0000"
    },
    "done": true
  },
  "minecraft:recipes/transportation/acacia_boat": {
    "criteria": {
      "in_water": "2024-07-25 00:21:41 +0000"
    },
    "done": true
  },
  "farmersdelight:recipes/farmersdelight/cutting_board": {
    "criteria": {
      "has_stick": "2024-07-25 00:20:31 +0000"
    },
    "done": true
  },
  "minecraft:adventure/root": {
    "criteria": {
      "killed_something": "2024-07-25 00:17:58 +0000"
    },
    "done": true
  },
  "woodworks:recipes/decorations/acacia_chest": {
    "criteria": {
      "has_lots_of_items": "2024-07-27 05:09:42 +0000"
    },
    "done": true
  },
  "decorative_blocks:recipes/decorative_blocks.general/birch_palisade": {
    "criteria": {
      "has_log": "2024-07-25 00:17:28 +0000"
    },
    "done": true
  },
  "bambooeverything:recipes/dry_bamboo_fence_gate": {
    "criteria": {
      "has_dry_bundle": "2024-07-25 00:14:53 +0000",
      "has_dry_bamboo": "2024-07-25 00:14:53 +0000"
    },
    "done": true
  },
  "farmersdelight:main/root": {
    "criteria": {
      "seeds": "2024-07-25 00:14:53 +0000"
    },
    "done": true
  },
  "woodworks:recipes/redstone/birch_fence_gate_from_birch_logs_sawing": {
    "criteria": {
      "has_birch_logs": "2024-07-25 00:17:28 +0000"
    },
    "done": true
  },
  "shieldexp:recipes/wooden_shield": {
    "criteria": {
      "has_stick": "2024-07-25 00:20:31 +0000"
    },
    "done": true
  },
  "bambooeverything:recipes/bamboo_ladder": {
    "criteria": {
      "has_bamboo": "2024-07-25 00:14:53 +0000"
    },
    "done": true
  },
  "minecraft:adventure/kill_all_mobs": {
    "criteria": {
      "minecraft:zombie": "2024-07-25 00:17:58 +0000"
    },
    "done": false
  },
  "woodworks:recipes/building_blocks/oak_boards": {
    "criteria": {
      "has_oak_planks": "2024-07-25 00:20:13 +0000"
    },
    "done": true
  },
  "another_furniture:recipes/spruce_drawer": {
    "criteria": {
      "has_planks": "2024-07-25 00:20:31 +0000"
    },
    "done": true
  },
  "minecraft:recipes/building_blocks/birch_wood": {
    "criteria": {
      "has_log": "2024-07-25 00:17:28 +0000"
    },
    "done": true
  },
  "woodworks:recipes/decorations/oak_fence_from_oak_logs_sawing": {
    "criteria": {
      "has_oak_logs": "2024-07-25 00:16:43 +0000"
    },
    "done": true
  },
  "woodworks:recipes/building_blocks/birch_boards_from_birch_logs_sawing": {
    "criteria": {
      "has_birch_logs": "2024-07-25 00:17:28 +0000"
    },
    "done": true
  },
  "woodworks:recipes/decorations/oak_chest": {
    "criteria": {
      "has_lots_of_items": "2024-07-27 05:09:42 +0000"
    },
    "done": true
  },
  "farmersdelight:recipes/farmersdelight/cooking/dog_food": {
    "criteria": {
      "has_any_ingredient": "2024-07-25 00:17:33 +0000"
    },
    "done": true
  },
  "aether_redux:recipes/transportation/springshroom_boat": {
    "criteria": {
      "in_water": "2024-07-25 00:21:41 +0000"
    },
    "done": true
  },
  "woodworks:recipes/building_blocks/oak_stairs_from_oak_planks_sawing": {
    "criteria": {
      "has_oak_planks": "2024-07-25 00:20:13 +0000"
    },
    "done": true
  },
  "woodworks:recipes/decorations/dark_oak_ladder": {
    "criteria": {
      "has_stick": "2024-07-25 00:20:31 +0000"
    },
    "done": true
  },
  "aether_redux:recipes/transportation/crystal_boat": {
    "criteria": {
      "in_water": "2024-07-25 00:21:41 +0000"
    },
    "done": true
  },
  "woodworks:recipes/building_blocks/oak_boards_from_oak_planks_sawing": {
    "criteria": {
      "has_oak_planks": "2024-07-25 00:20:13 +0000"
    },
    "done": true
  },
  "frosted_friends:frosted_friends": {
    "criteria": {
      "frosted_friends": "2024-07-25 00:14:53 +0000"
    },
    "done": true
  },
  "naturescompass:natures_compass_log": {
    "criteria": {
      "has_recipe": "2024-07-25 00:14:53 +0000"
    },
    "done": true
  },
  "environmental:recipes/transportation/cherry_boat": {
    "criteria": {
      "in_water": "2024-07-25 00:21:41 +0000"
    },
    "done": true
  },
  "minecraft:recipes/decorations/oak_fence": {
    "criteria": {
      "has_planks": "2024-07-25 00:20:13 +0000"
    },
    "done": true
  },
  "aether_redux:recipes/transportation/glacia_boat": {
    "criteria": {
      "in_water": "2024-07-25 00:21:41 +0000"
    },
    "done": true
  },
  "minecraft:recipes/transportation/oak_boat": {
    "criteria": {
      "in_water": "2024-07-25 00:21:41 +0000"
    },
    "done": true
  },
  "minecraft:recipes/building_blocks/oak_slab": {
    "criteria": {
      "has_planks": "2024-07-25 00:20:13 +0000"
    },
    "done": true
  },
  "bambooeverything:recipes/bamboo_fence": {
    "criteria": {
      "has_bamboo": "2024-07-25 00:14:53 +0000",
      "has_bundle": "2024-07-25 00:14:53 +0000"
    },
    "done": true
  },
  "woodworks:recipes/decorations/spruce_chest": {
    "criteria": {
      "has_lots_of_items": "2024-07-27 05:09:42 +0000"
    },
    "done": true
  },
  "woodworks:recipes/decorations/crimson_chest": {
    "criteria": {
      "has_lots_of_items": "2024-07-27 05:09:42 +0000"
    },
    "done": true
  },
  "minecraft:recipes/tools/wooden_axe": {
    "criteria": {
      "has_stick": "2024-07-25 00:20:31 +0000"
    },
    "done": true
  },
  "deeperdarker:recipes/deeperdarker/echo_boat": {
    "criteria": {
      "in_water": "2024-07-25 00:21:41 +0000"
    },
    "done": true
  },
  "environmental:recipes/decorations/cherry_ladder": {
    "criteria": {
      "has_stick": "2024-07-25 00:20:31 +0000"
    },
    "done": true
  },
  "ecologics:recipes/ecologics/coconut_boat": {
    "criteria": {
      "in_water": "2024-07-25 00:21:41 +0000"
    },
    "done": true
  },
  "woodworks:recipes/redstone/oak_door_from_oak_logs_sawing": {
    "criteria": {
      "has_oak_logs": "2024-07-25 00:16:43 +0000"
    },
    "done": true
  },
  "woodworks:recipes/redstone/oak_trapdoor_from_oak_logs_sawing": {
    "criteria": {
      "has_oak_logs": "2024-07-25 00:16:43 +0000"
    },
    "done": true
  },
  "backpacked:recipes/backpacked/crimson_backpack_shelf": {
    "criteria": {
      "has_stick": "2024-07-25 00:20:31 +0000"
    },
    "done": true
  },
  "backpacked:recipes/backpacked/oak_backpack_shelf": {
    "criteria": {
      "has_stick": "2024-07-25 00:20:31 +0000"
    },
    "done": true
  },
  "another_furniture:recipes/furniture_hammer": {
    "criteria": {
      "has_stick": "2024-07-25 00:20:31 +0000"
    },
    "done": true
  },
  "environmental:recipes/decorations/wisteria_chest": {
    "criteria": {
      "has_lots_of_items": "2024-07-27 05:09:42 +0000"
    },
    "done": true
  },
  "vinery:grapevine_stem": {
    "criteria": {
      "has_oak_log": "2024-07-25 00:16:43 +0000"
    },
    "done": true
  },
  "woodworks:recipes/building_blocks/oak_slab_from_oak_logs_sawing": {
    "criteria": {
      "has_oak_logs": "2024-07-25 00:16:43 +0000"
    },
    "done": true
  },
  "bambooeverything:recipes/dry_bamboo_ladder": {
    "criteria": {
      "has_dry_bamboo": "2024-07-25 00:14:53 +0000"
    },
    "done": true
  },
  "vinery:stackable_log": {
    "criteria": {
      "has_oak_log": "2024-07-25 00:16:43 +0000"
    },
    "done": true
  },
  "bambooeverything:recipes/dry_bamboo_slab": {
    "criteria": {
      "has_dry_bundle": "2024-07-25 00:14:53 +0000"
    },
    "done": true
  },
  "woodworks:recipes/decorations/birch_ladder": {
    "criteria": {
      "has_stick": "2024-07-25 00:20:31 +0000"
    },
    "done": true
  },
  "woodworks:recipes/decorations/sawmill": {
    "criteria": {
      "has_planks": "2024-07-25 00:20:13 +0000"
    },
    "done": true
  },
  "bambooeverything:recipes/bamboo_bundle_uncrafting": {
    "criteria": {
      "has_bundle": "2024-07-25 00:14:53 +0000"
    },
    "done": true
  },
  "another_furniture:recipes/birch_drawer": {
    "criteria": {
      "has_planks": "2024-07-25 00:20:31 +0000"
    },
    "done": true
  },
  "delightful:recipes/storage/acorn_storage_block": {
    "criteria": {
      "has_acorn": "2024-07-25 00:16:56 +0000"
    },
    "done": true
  },
  "woodworks:recipes/building_blocks/birch_planks_from_birch_logs_sawing": {
    "criteria": {
      "has_birch_logs": "2024-07-25 00:17:28 +0000"
    },
    "done": true
  },
  "minecraft:recipes/combat/arrow": {
    "criteria": {
      "has_feather": "2024-07-27 05:11:15 +0000"
    },
    "done": true
  },
  "woodworks:recipes/decorations/warped_ladder": {
    "criteria": {
      "has_stick": "2024-07-25 00:20:31 +0000"
    },
    "done": true
  },
  "another_furniture:recipes/oak_drawer": {
    "criteria": {
      "has_planks": "2024-07-25 00:20:31 +0000"
    },
    "done": true
  },
  "minecraft:recipes/combat/wooden_sword": {
    "criteria": {
      "has_stick": "2024-07-25 00:20:31 +0000"
    },
    "done": true
  },
  "minecraft:recipes/building_blocks/oak_planks": {
    "criteria": {
      "has_logs": "2024-07-25 00:16:43 +0000"
    },
    "done": true
  },
  "another_furniture:recipes/jungle_drawer": {
    "criteria": {
      "has_planks": "2024-07-25 00:20:31 +0000"
    },
    "done": true
  },
  "goodending:recipes/cypress_boat": {
    "criteria": {
      "in_water": "2024-07-25 00:21:41 +0000"
    },
    "done": true
  },
  "environmental:recipes/transportation/willow_boat": {
    "criteria": {
      "in_water": "2024-07-25 00:21:41 +0000"
    },
    "done": true
  },
  "cataclysm:root": {
    "criteria": {
      "custom_test_name": "2024-07-25 00:14:53 +0000"
    },
    "done": true
  },
  "bambooeverything:recipes/dry_bamboo_bundle": {
    "criteria": {
      "has_dry_bamboo": "2024-07-25 00:14:53 +0000"
    },
    "done": true
  },
  "woodworks:recipes/decorations/oak_sign_from_oak_logs_sawing": {
    "criteria": {
      "has_oak_logs": "2024-07-25 00:16:43 +0000"
    },
    "done": true
  },
  "woodworks:recipes/building_blocks/oak_slab_from_oak_planks_sawing": {
    "criteria": {
      "has_oak_planks": "2024-07-25 00:20:13 +0000"
    },
    "done": true
  },
  "woodworks:recipes/decorations/birch_fence_from_birch_logs_sawing": {
    "criteria": {
      "has_birch_logs": "2024-07-25 00:17:28 +0000"
    },
    "done": true
  },
  "minecraft:recipes/redstone/oak_pressure_plate": {
    "criteria": {
      "has_planks": "2024-07-25 00:20:13 +0000"
    },
    "done": true
  },
  "minecraft:recipes/building_blocks/birch_planks": {
    "criteria": {
      "has_logs": "2024-07-25 00:17:28 +0000"
    },
    "done": true
  },
  "delightful:recipes/food/cooking/nut_butter_bottle": {
    "criteria": {
      "has_nuts": "2024-07-25 00:16:56 +0000"
    },
    "done": true
  },
  "minecraft:recipes/building_blocks/oak_wood": {
    "criteria": {
      "has_log": "2024-07-25 00:16:43 +0000"
    },
    "done": true
  },
  "windswept:recipes/misc/wooden_bucket": {
    "criteria": {
      "has_log": "2024-07-25 00:16:43 +0000"
    },
    "done": true
  },
  "minecraft:story/root": {
    "criteria": {
      "crafting_table": "2024-07-25 00:20:19 +0000"
    },
    "done": true
  },
  "minecraft:recipes/combat/crossbow": {
    "criteria": {
      "has_stick": "2024-07-25 00:20:31 +0000"
    },
    "done": true
  },
  "minecraft:recipes/decorations/oak_sign": {
    "criteria": {
      "has_planks": "2024-07-25 00:20:13 +0000"
    },
    "done": true
  },
  "woodworks:recipes/redstone/oak_pressure_plate_from_oak_logs_sawing": {
    "criteria": {
      "has_oak_logs": "2024-07-25 00:16:43 +0000"
    },
    "done": true
  },
  "minecraft:recipes/redstone/oak_trapdoor": {
    "criteria": {
      "has_planks": "2024-07-25 00:20:13 +0000"
    },
    "done": true
  },
  "ecologics:recipes/ecologics/azalea_boat": {
    "criteria": {
      "in_water": "2024-07-25 00:21:41 +0000"
    },
    "done": true
  },
  "aether_redux:recipes/combat/spectral_dart": {
    "criteria": {
      "has_feather": "2024-07-27 05:11:15 +0000"
    },
    "done": true
  },
  "biomemakeover:biomemakeover/moth_scales": {
    "criteria": {
      "get_stew": "2024-07-25 00:17:28 +0000"
    },
    "done": true
  },
  "woodworks:recipes/redstone/birch_door_from_birch_logs_sawing": {
    "criteria": {
      "has_birch_logs": "2024-07-25 00:17:28 +0000"
    },
    "done": true
  },
  "environmental:recipes/decorations/willow_chest": {
    "criteria": {
      "has_lots_of_items": "2024-07-27 05:09:42 +0000"
    },
    "done": true
  },
  "backpacked:recipes/backpacked/spruce_backpack_shelf": {
    "criteria": {
      "has_stick": "2024-07-25 00:20:31 +0000"
    },
    "done": true
  },
  "windswept:recipes/redstone/holly_trapped_chest": {
    "criteria": {
      "has_lots_of_items": "2024-07-27 05:09:42 +0000"
    },
    "done": true
  },
  "betterdungeons:root": {
    "criteria": {
      "always": "2024-07-25 00:14:53 +0000"
    },
    "done": true
  },
  "decorative_blocks:recipes/decorative_blocks.general/oak_seat": {
    "criteria": {
      "has_plank": "2024-07-25 00:20:13 +0000"
    },
    "done": true
  },
  "aether_redux:recipes/transportation/fieldsprout_boat": {
    "criteria": {
      "in_water": "2024-07-25 00:21:41 +0000"
    },
    "done": true
  },
  "minecraft:adventure/kill_a_mob": {
    "criteria": {
      "minecraft:zombie": "2024-07-25 00:17:58 +0000"
    },
    "done": true
  },
  "minecraft:recipes/redstone/oak_button": {
    "criteria": {
      "has_planks": "2024-07-25 00:20:13 +0000"
    },
    "done": true
  },
  "backpacked:recipes/backpacked/acacia_backpack_shelf": {
    "criteria": {
      "has_stick": "2024-07-25 00:20:31 +0000"
    },
    "done": true
  },
  "byg:root": {
    "criteria": {
      "tick": "2024-07-25 00:14:53 +0000"
    },
    "done": true
  },
  "environmental:recipes/decorations/wisteria_ladder": {
    "criteria": {
      "has_stick": "2024-07-25 00:20:31 +0000"
    },
    "done": true
  },
  "farmersdelight:recipes/farmersdelight/flint_knife": {
    "criteria": {
      "has_stick": "2024-07-25 00:20:31 +0000"
    },
    "done": true
  },
  "bambooeverything:recipes/dry_bamboo_door": {
    "criteria": {
      "has_dry_bundle": "2024-07-25 00:14:53 +0000"
    },
    "done": true
  },
  "another_furniture:recipes/warped_drawer": {
    "criteria": {
      "has_planks": "2024-07-25 00:20:31 +0000"
    },
    "done": true
  },
  "bambooeverything:recipes/bamboo_stairs": {
    "criteria": {
      "has_bundle": "2024-07-25 00:14:53 +0000"
    },
    "done": true
  },
  "minecraft:adventure/adventuring_time": {
    "criteria": {
      "minecraft:beach": "2024-07-25 00:15:50 +0000",
      "minecraft:dark_forest": "2024-07-25 00:14:53 +0000",
      "minecraft:river": "2024-07-27 05:10:50 +0000",
      "minecraft:old_growth_birch_forest": "2024-07-27 05:10:56 +0000"
    },
    "done": false
  },
  "byg:husbandry/root": {
    "criteria": {
      "consumed_item": "2024-07-25 00:17:40 +0000"
    },
    "done": true
  },
  "woodworks:recipes/building_blocks/oak_planks_from_oak_logs_sawing": {
    "criteria": {
      "has_oak_logs": "2024-07-25 00:16:43 +0000"
    },
    "done": true
  },
  "woodworks:recipes/redstone/oak_fence_gate_from_oak_logs_sawing": {
    "criteria": {
      "has_oak_logs": "2024-07-25 00:16:43 +0000"
    },
    "done": true
  },
  "woodworks:recipes/decorations/birch_ladder_from_birch_logs_sawing": {
    "criteria": {
      "has_birch_logs": "2024-07-25 00:17:28 +0000"
    },
    "done": true
  },
  "woodworks:recipes/building_blocks/birch_slab_from_birch_logs_sawing": {
    "criteria": {
      "has_birch_logs": "2024-07-25 00:17:28 +0000"
    },
    "done": true
  },
  "minecraft:recipes/decorations/barrel": {
    "criteria": {
      "has_planks": "2024-07-25 00:20:13 +0000"
    },
    "done": true
  },
  "vinery:oak_wine_rack_big": {
    "criteria": {
      "has_oak_planks": "2024-07-25 00:20:13 +0000"
    },
    "done": true
  },
  "backpacked:recipes/backpacked/jungle_backpack_shelf": {
    "criteria": {
      "has_stick": "2024-07-25 00:20:31 +0000"
    },
    "done": true
  },
  "minecraft:recipes/redstone/oak_door": {
    "criteria": {
      "has_planks": "2024-07-25 00:20:13 +0000"
    },
    "done": true
  },
  "twigs:recipes/tables/oak_table": {
    "criteria": {
      "has_bamboo": "2024-07-25 00:20:13 +0000"
    },
    "done": true
  },
  "aether:recipes/decorations/skyroot_chest": {
    "criteria": {
      "has_lots_of_items": "2024-07-27 05:09:42 +0000"
    },
    "done": true
  },
  "another_furniture:recipes/acacia_drawer": {
    "criteria": {
      "has_planks": "2024-07-25 00:20:31 +0000"
    },
    "done": true
  },
  "woodworks:recipes/decorations/dark_oak_chest": {
    "criteria": {
      "has_lots_of_items": "2024-07-27 05:09:42 +0000"
    },
    "done": true
  },
  "minecraft:recipes/transportation/jungle_boat": {
    "criteria": {
      "in_water": "2024-07-25 00:21:41 +0000"
    },
    "done": true
  },
  "bambooeverything:recipes/bamboo_slab": {
    "criteria": {
      "has_bundle": "2024-07-25 00:14:53 +0000"
    },
    "done": true
  },
  "woodworks:recipes/redstone/birch_pressure_plate_from_birch_logs_sawing": {
    "criteria": {
      "has_birch_logs": "2024-07-25 00:17:28 +0000"
    },
    "done": true
  },
  "windswept:recipes/transportation/holly_boat": {
    "criteria": {
      "in_water": "2024-07-25 00:21:41 +0000"
    },
    "done": true
  },
  "aether:recipes/combat/golden_dart": {
    "criteria": {
      "has_feather": "2024-07-27 05:11:15 +0000"
    },
    "done": true
  },
  "minecraft:recipes/transportation/dark_oak_boat": {
    "criteria": {
      "in_water": "2024-07-25 00:21:41 +0000"
    },
    "done": true
  },
  "woodworks:recipes/redstone/birch_trapdoor_from_birch_logs_sawing": {
    "criteria": {
      "has_birch_logs": "2024-07-25 00:17:28 +0000"
    },
    "done": true
  },
  "another_furniture:recipes/oak_table": {
    "criteria": {
      "has_planks": "2024-07-25 00:20:13 +0000"
    },
    "done": true
  },
  "backpacked:recipes/backpacked/birch_backpack_shelf": {
    "criteria": {
      "has_stick": "2024-07-25 00:20:31 +0000"
    },
    "done": true
  },
  "dungeons_arise:wda_root": {
    "criteria": {
      "WDA": "2024-07-25 00:14:53 +0000"
    },
    "done": true
  },
  "environmental:recipes/transportation/wisteria_boat": {
    "criteria": {
      "in_water": "2024-07-25 00:21:41 +0000"
    },
    "done": true
  },
  "environmental:recipes/food/cooked_venison_from_campfire_cooking": {
    "criteria": {
      "has_venison": "2024-07-27 05:11:34 +0000"
    },
    "done": true
  },
  "another_furniture:recipes/oak_shelf": {
    "criteria": {
      "has_planks": "2024-07-25 00:20:13 +0000"
    },
    "done": true
  },
  "vinery:campfire": {
    "criteria": {
      "has_stick": "2024-07-25 00:20:31 +0000"
    },
    "done": true
  },
  "woodworks:recipes/building_blocks/oak_stairs_from_oak_logs_sawing": {
    "criteria": {
      "has_oak_logs": "2024-07-25 00:16:43 +0000"
    },
    "done": true
  },
  "environmental:recipes/decorations/cherry_chest": {
    "criteria": {
      "has_lots_of_items": "2024-07-27 05:09:42 +0000"
    },
    "done": true
  },
  "woodworks:recipes/decorations/mangrove_chest": {
    "criteria": {
      "has_lots_of_items": "2024-07-27 05:09:42 +0000"
    },
    "done": true
  },
  "goodending:recipes/muddy_oak_boat": {
    "criteria": {
      "in_water": "2024-07-25 00:21:41 +0000"
    },
    "done": true
  },
  "windswept:recipes/transportation/chestnut_boat": {
    "criteria": {
      "in_water": "2024-07-25 00:21:41 +0000"
    },
    "done": true
  },
  "woodworks:recipes/redstone/oak_button_from_oak_logs_sawing": {
    "criteria": {
      "has_oak_logs": "2024-07-25 00:16:43 +0000"
    },
    "done": true
  },
  "goodending:recipes/white_dye_from_pollenflake": {
    "criteria": {
      "has_item": "2024-07-27 05:11:34 +0000"
    },
    "done": true
  },
  "minecraft:recipes/decorations/soul_campfire": {
    "criteria": {
      "has_stick": "2024-07-25 00:20:31 +0000"
    },
    "done": true
  },
  "aether:recipes/tools/wooden_axe_repairing": {
    "criteria": {
      "has_wooden_axe": "2024-07-25 00:20:54 +0000"
    },
    "done": true
  },
  "repurposed_structures:root": {
    "criteria": {
      "always": "2024-07-25 00:14:53 +0000"
    },
    "done": true
  },
  "vinery:cherry_fence_gate": {
    "criteria": {
      "has_stick": "2024-07-25 00:20:31 +0000"
    },
    "done": true
  },
  "DataVersion": 3120
}